NUTS,air_passengers,available_hospital_beds_nuts2,causes_of_death_crude_death_rate_3year_average_by_nuts2,compensation_of_employees_by_nuts2,deaths,early_leavers_from_education_and_training_by_sex_percentage_nuts2,employment_thousand_hours_worked_nuts2,farm_labour_force,health_personnel_by_nuts2,hospital_discharges_resp_diseases_j00_to_j99_nuts2,life_expectancy,longterm_care_beds_per_hundred_thousand_nuts2,nama_10r_2gdp,participation_in_education_and_training,pop_density,population_nuts2,pupils_and_students_enrolled_by_sex_age_and_nuts2,real_growth_rate_of_regional_gross_value_added_GVA_at_basic_prices_by_nuts2,stock_of_vehicles_by_category_and_nuts2,students_enrolled_in_tertiary_education_by_education_level_programme_orientation_sex_and_nuts2,unemployment_rate_nuts2,utilised_agricultural_area,young_people_neither_in_employment_nor_in_education_and_training_by_sex_NEET_RATE_nuts2,binary_first_wave,binary_second_wave,multi_first_wave,multi_second_wave,cases_density_first_wave,cases_density_second_wave
AT11,,587.21,1120.95,4305.0,3393.0,,203160.0,6170.0,1277.0,3810.0,81.9,136.83,9272.61,9.3,77.8,294436.0,10538.0,107.5,254828.0,6750.0,4.2,181970.0,,below_than_avg,higher_than_avg,low,medium,0.0015385346900514882,0.038942248909780056
AT12,31635.0,671.36,1036.91,28451.0,17449.0,7.7,1179290.0,30660.0,7919.0,21247.0,81.7,179.09,61706.24,9.3,88.9,1684287.0,65453.0,108.0,1378944.0,33152.0,4.2,908850.0,7.0,below_than_avg,higher_than_avg,low,medium,0.0022080559904576833,0.03903788368609388
AT13,,751.91,857.68,48625.0,16150.0,10.6,1662610.0,2110.0,13078.0,29354.0,81.1,191.88,100347.32,16.5,4808.9,1911191.0,72870.0,108.4,799636.0,192471.0,10.6,8020.0,9.9,below_than_avg,higher_than_avg,medium,medium,0.003530782637632764,0.04249182839391772
AT21,210.0,803.93,1081.98,10099.0,6031.0,,438030.0,7530.0,2722.0,10855.0,82.2,98.88,21505.55,10.1,59.9,561293.0,20566.0,109.3,438684.0,15527.0,4.7,220340.0,7.9,below_than_avg,higher_than_avg,low,medium,0.001083213223753013,0.049172179236156514
AT22,1035.0,801.3,1003.76,24503.0,12691.0,5.7,1023160.0,21440.0,6489.0,24310.0,82.2,85.65,50830.4,11.3,76.6,1246395.0,44991.0,109.6,947061.0,62035.0,4.4,375180.0,7.6,below_than_avg,higher_than_avg,low,medium,0.0018453219083837788,0.041520545252508236
AT31,430.0,676.7,905.04,32123.0,13642.0,7.5,1226600.0,23960.0,6339.0,27667.0,82.3,116.7,68379.88,10.6,126.8,1490279.0,60943.0,109.9,1174450.0,39671.0,3.9,517350.0,7.5,below_than_avg,higher_than_avg,medium,high,0.002872616469801963,0.053853674379092775
AT32,1730.0,869.23,814.77,12733.0,4731.0,9.6,524750.0,7050.0,3236.0,8895.0,82.8,103.59,29851.8,10.6,78.9,558410.0,20948.0,109.6,383005.0,26837.0,3.0,178390.0,8.3,below_than_avg,higher_than_avg,medium,high,0.002764993463584105,0.06317222112784514
AT33,1151.0,665.33,797.82,15832.0,6237.0,7.8,665850.0,9470.0,4452.0,15505.0,83.0,122.55,36382.23,11.0,60.4,757634.0,29067.0,109.1,504678.0,42025.0,3.0,259010.0,6.9,below_than_avg,higher_than_avg,medium,high,0.005283553800383827,0.05621975782501841
AT34,,529.42,763.32,8374.0,3062.0,,311710.0,2780.0,1712.0,5044.0,83.3,159.38,19162.79,10.5,156.3,397139.0,16689.0,107.4,254178.0,4582.0,3.6,77780.0,7.1,below_than_avg,higher_than_avg,low,high,0.002653982610622477,0.05497823180297075
BE10,,706.21,711.34,43504.3,8935.0,9.7,1083673.4,0.0,4760.0,16529.0,,,86650.96,10.3,7526.7,1223364.0,100639.0,102.8,570077.0,115754.0,12.3,0.0,11.3,higher_than_avg,higher_than_avg,medium,high,0.007543135158464692,0.06837539767395477
BE2,27022.0,2688.0199999999995,,,62427.0,,4517867.0,40240.0,19628.0,93740.0,,,,,,6639005.0,455650.0,,4207726.0,247039.0,,613190.0,,higher_than_avg,higher_than_avg,medium,medium,0.006812617252133415,0.04408250935192849
BE3,8364.0,2336.1299999999997,,,37421.0,,2006334.5,16440.0,11955.0,50194.0,,,,,,3660071.0,262282.0,,2124909.0,149304.0,,692570.0,,higher_than_avg,higher_than_avg,medium,high,0.006486486191114872,0.07786242398029984
BG31,,792.68,1998.32,1505.46,15107.0,20.0,490433.88,38360.0,3299.0,30834.0,73.7,1918.75,3938.63,0.8,39.0,728157.0,26185.0,115.8,329824.0,4809.0,13.0,936770.0,27.0,below_than_avg,below_than_avg,low,medium,0.00122089054970288,0.026729125724260016
BG32,,674.11,1753.33,1843.34,13725.0,12.7,574486.27,41760.0,2595.0,30164.0,74.6,5128.06,4557.31,1.5,53.1,773450.0,25201.0,109.8,364640.0,29166.0,5.7,793430.0,13.1,below_than_avg,below_than_avg,low,medium,0.0012773934966707609,0.02837675350701403
BG33,2069.0,536.38,1437.45,2478.74,13482.0,12.5,713057.09,35610.0,3687.0,20091.0,75.0,2631.13,6307.94,1.4,63.7,924870.0,33664.0,110.1,413877.0,31718.0,6.1,822230.0,14.5,below_than_avg,below_than_avg,low,medium,0.0021527349789700174,0.028881896915242143
BG34,2858.0,670.17,1517.16,2806.58,15831.0,24.4,782417.86,46720.0,3515.0,28186.0,74.5,1705.24,6818.65,0.7,52.5,1024115.0,42482.0,109.3,445427.0,12986.0,4.6,845160.0,21.6,below_than_avg,below_than_avg,low,medium,0.0014500324670569222,0.032522714734185124
BG41,7078.0,739.34,1343.42,12668.12,28739.0,5.2,2140683.61,55690.0,9334.0,58119.0,76.0,3452.36,30951.19,2.7,103.7,2094260.0,78218.0,118.4,1160682.0,113123.0,3.6,554470.0,6.5,below_than_avg,higher_than_avg,medium,medium,0.0031333263300640803,0.04023091688711048
BG42,,824.74,1466.29,3361.86,21199.0,15.1,1090510.17,102090.0,5687.0,54730.0,75.6,6320.29,8665.82,1.1,63.7,1406630.0,51107.0,115.6,625257.0,37662.0,3.4,698880.0,16.8,below_than_avg,below_than_avg,low,medium,0.0019400979646388887,0.025157290829855756
CY00,11261.0,311.47,669.03,9910.42,6239.0,11.5,798137.06,16550.0,3768.0,,,,22286.88,4.7,95.7,888005.0,58473.0,121.4,693821.0,50211.0,7.6,109330.0,14.4,below_than_avg,higher_than_avg,low,medium,0.002354716471191041,0.035871419642907416
DE1,14477.0,,,,111582.0,,,67140.0,,,,,,,,11100394.0,,,,,,1422460.0,,below_than_avg,below_than_avg,medium,medium,0.0035325773121206326,0.024393008031967152
DE2,53698.0,,,,134313.0,,,136570.0,,,,,,,,13124737.0,,,,,,3136230.0,,below_than_avg,below_than_avg,medium,medium,0.004120920670638962,0.028425407686264493
DE3,24223.0,,989.21,80077.13,34739.0,10.6,2854987.0,3180.0,,53254.0,,,154672.63,10.3,4322.9,3669491.0,,115.5,1328836.0,,6.1,26740.0,10.0,below_than_avg,below_than_avg,medium,medium,0.0028510766207084305,0.03164199067391091
DE4,11404.0,,1303.24,36609.46,32027.0,10.8,1623513.0,22760.0,,37975.0,,,74838.1,4.9,86.7,2521893.0,,105.9,1629514.0,,3.9,1313810.0,6.4,below_than_avg,below_than_avg,low,medium,0.0014826164313870573,0.028097147658524765
DE5,2305.0,,1182.98,18376.06,7704.0,16.0,588804.0,290.0,,15649.0,,,33779.44,9.4,1744.5,681202.0,,104.0,316904.0,,5.1,8450.0,9.3,below_than_avg,below_than_avg,medium,medium,0.002753955508057815,0.022699581034700426
DE6,17274.0,,989.61,59427.63,17474.0,13.2,1808903.0,1890.0,,33134.0,,,124075.6,10.0,2597.5,1847253.0,,108.1,868090.0,,4.7,14440.0,8.3,below_than_avg,below_than_avg,medium,medium,0.0032226229974995305,0.02379046075442833
DE7,70436.0,,,,66669.0,,3252718.0,24200.0,,,,,,,,6288080.0,,,2545001.0,,4.0,771890.0,7.6,below_than_avg,below_than_avg,low,medium,0.0022305695856286814,0.02698248113891681
DE8,126.0,,1362.96,24185.9,21702.0,11.5,1087824.0,17130.0,,41449.0,,,46711.17,5.2,71.3,1608138.0,,106.6,986526.0,,4.6,1340960.0,6.8,below_than_avg,below_than_avg,low,low,0.0006081567626658906,0.013827793385891012
DE9,6287.0,,,,94256.0,,1143103.0,73330.0,,,,,,,,7993608.0,,,1095060.0,,4.4,2590900.0,6.0,below_than_avg,below_than_avg,low,low,0.00196694659032567,0.017789713981471195
DEA,43439.0,,,,206479.0,,3826268.0,60000.0,,,,,,,,17947221.0,,,3062624.0,,5.1,1463030.0,8.9,below_than_avg,below_than_avg,medium,medium,0.0031057733116452964,0.025797252956321202
DEB,1597.0,,,,47619.0,,1030052.0,36920.0,,,,,,,,4093903.0,,,1082958.0,,2.2,706950.0,5.3,below_than_avg,below_than_avg,low,medium,0.0020581826193732484,0.02225895435236253
DEC,343.0,,1398.5,19864.81,13555.0,11.7,,1800.0,,16991.0,,,36382.55,5.3,385.5,986887.0,,100.6,,,,77920.0,,below_than_avg,below_than_avg,medium,medium,0.003078366621507832,0.02534940677098797
DED,4197.0,,,,54946.0,,,22940.0,,,,,,,,4071971.0,,,,,,906640.0,,below_than_avg,higher_than_avg,low,medium,0.0014165130350879218,0.045236569710344204
DEE,,,1511.31,32943.95,32299.0,12.7,1452109.0,16120.0,,44487.0,,,63725.12,5.2,108.7,2194782.0,,102.5,1376196.0,,4.8,1172780.0,7.1,below_than_avg,below_than_avg,low,medium,0.000974584263949677,0.025525086318367838
DEF,130.0,,1241.54,48028.67,34960.0,14.8,1960862.0,25520.0,,49851.0,,,98261.1,7.4,188.2,2903773.0,,107.6,1876900.0,,3.4,990450.0,9.3,below_than_avg,below_than_avg,low,low,0.0013258612157355275,0.012723101978012746
DEG,150.0,,1388.99,34106.75,29196.0,9.6,1509518.0,15940.0,,40560.0,,,63946.76,6.0,132.4,2133378.0,,103.3,1366858.0,,4.2,780670.0,5.7,below_than_avg,below_than_avg,low,medium,0.0016509029342198147,0.03263650417319387
DK01,30135.0,297.59,844.13,64758.98,15321.0,7.9,1527162.0,2650.0,8961.0,28694.0,81.5,,126934.24,22.7,756.0,1846023.0,143164.0,114.3,909175.0,128712.0,6.1,98480.0,7.1,below_than_avg,below_than_avg,medium,low,0.0039999501631344785,0.0
DK02,6.0,275.73,1094.17,15793.52,9056.0,11.9,456715.0,7910.0,3069.0,12169.0,80.8,,30909.62,18.9,118.3,837359.0,66815.0,107.8,450391.0,24142.0,5.3,470050.0,8.0,below_than_avg,below_than_avg,low,low,0.002430259900472796,0.0
DK03,3847.0,252.61,1016.24,30028.53,12163.0,10.1,830170.0,17080.0,4879.0,16125.0,81.5,,58664.66,18.5,102.0,1223105.0,98059.0,107.5,675759.0,52316.0,5.1,773600.0,7.9,below_than_avg,below_than_avg,low,low,0.0008568356764137176,0.0
DK04,612.0,216.92,886.77,33907.66,11367.0,9.6,924964.0,15950.0,5274.0,16990.0,82.0,,65703.05,18.9,103.7,1326340.0,108318.0,116.5,720480.0,71223.0,5.5,791690.0,7.1,below_than_avg,below_than_avg,low,low,0.0012485486376042343,0.0
DK05,1443.0,225.31,1048.94,13828.91,6051.0,8.4,395443.0,9580.0,2099.0,7734.0,81.3,,26559.43,17.9,76.4,589936.0,45518.0,107.0,329763.0,32174.0,5.8,485520.0,7.7,below_than_avg,below_than_avg,low,low,0.0009475604133329718,0.0
EE00,3258.0,453.01,1183.46,13785.1,15401.0,7.5,1182028.0,22060.0,4603.0,,,116.11,28112.39,17.1,30.5,1328976.0,89618.0,120.0,,45484.0,6.8,957510.0,8.9,below_than_avg,higher_than_avg,low,medium,0.0016599246337029412,0.041254319114867384
ES11,5248.0,329.67,1199.91,27844.8,31268.0,12.0,1871340.3,76900.0,12831.0,45875.0,84.0,122.28,64429.89,11.6,92.0,2702592.0,139276.0,109.6,1872820.0,99536.0,12.0,655520.0,9.2,below_than_avg,higher_than_avg,medium,medium,0.004305866368286445,0.03622670384578952
ES12,1405.0,345.79,1291.62,10891.4,12893.0,8.9,684403.0,20240.0,4065.0,17387.0,83.2,71.78,23765.12,11.1,96.6,1018899.0,50287.0,106.8,629120.0,34999.0,14.1,336310.0,12.1,below_than_avg,higher_than_avg,medium,medium,0.002877615936417643,0.03850725145475656
ES13,1171.0,328.34,1048.38,6304.4,6013.0,9.1,390162.8,8800.0,3000.0,7287.0,83.9,103.56,14187.41,11.9,110.5,582388.0,34068.0,109.7,377754.0,23531.0,12.1,222950.0,10.5,below_than_avg,higher_than_avg,medium,medium,0.005561584373304395,0.03596056237422474
ES21,6353.0,325.71,1000.89,34098.9,21566.0,6.5,1734820.2,13280.0,12300.0,32935.0,84.5,107.94,74496.02,13.1,303.7,2189138.0,139270.0,109.5,1226007.0,89224.0,9.5,187250.0,8.2,higher_than_avg,higher_than_avg,high,high,0.010609198689164412,0.056975850768658715
ES22,240.0,335.41,899.51,9521.1,5568.0,10.8,514593.8,11320.0,3530.0,8125.0,85.0,96.2,20973.51,13.6,63.1,656509.0,43985.0,111.1,424559.0,27393.0,10.1,546890.0,9.9,higher_than_avg,higher_than_avg,high,high,0.012875680302935679,0.06449111893363228
ES23,,323.43,1023.22,3649.7,3147.0,14.6,240385.3,8290.0,1100.0,5206.0,84.2,97.33,8866.58,10.5,62.6,315931.0,20233.0,106.3,194966.0,34712.0,10.8,215840.0,9.1,higher_than_avg,higher_than_avg,high,high,0.015158373189082426,0.0712687263991188
ES24,345.0,362.29,1070.73,17017.9,13620.0,14.2,1045786.8,39460.0,6665.0,18764.0,84.4,86.34,38044.04,10.9,27.9,1330333.0,82001.0,109.9,792992.0,52720.0,11.7,2261690.0,11.8,higher_than_avg,higher_than_avg,high,high,0.01747757892196916,0.061605628064552255
ES30,59747.0,273.1,706.52,117599.0,47165.0,10.0,5882698.4,5720.0,34800.0,93568.0,85.8,122.6,240129.72,12.4,839.7,6747068.0,444162.0,114.1,4625861.0,408905.0,12.5,304150.0,9.9,higher_than_avg,higher_than_avg,high,high,0.014749962502230601,0.07019938142019615
ES41,242.0,349.97,1214.06,25704.4,28719.0,15.4,1701302.1,67360.0,11200.0,39128.0,84.7,87.57,59794.83,10.4,25.6,2401307.0,128342.0,108.0,1662819.0,109491.0,12.1,5295680.0,11.7,higher_than_avg,higher_than_avg,high,high,0.010160300203181018,0.07460478814245743
ES42,,233.41,962.47,17895.8,19467.0,18.7,1266063.8,75350.0,5765.0,26435.0,83.9,44.91,42820.22,9.1,25.8,2045554.0,134390.0,110.6,1436412.0,53090.0,17.7,4045810.0,12.4,higher_than_avg,higher_than_avg,high,high,0.01018159383717076,0.07127800097186386
ES43,,335.24,1072.25,8806.2,11261.0,18.4,661819.3,55070.0,3265.0,14968.0,83.1,84.51,20676.92,10.3,26.0,1061979.0,64295.0,108.7,765835.0,32624.0,21.8,2491730.0,16.6,below_than_avg,higher_than_avg,medium,high,0.0038428255172654074,0.06084583593460888
ES51,54693.0,384.0,884.26,110681.0,64547.0,17.4,6151178.5,56050.0,37258.0,123067.0,84.3,115.07,236814.4,10.0,238.1,7652348.0,518479.0,110.7,4429223.0,379060.0,12.6,1125270.0,17.0,higher_than_avg,higher_than_avg,high,high,0.01270564276480892,0.06054756004300902
ES52,23401.0,231.9,913.8,52296.6,44016.0,15.5,3420227.5,63490.0,19660.0,64922.0,83.5,181.74,116015.25,12.0,216.2,5029341.0,328888.0,110.9,3161734.0,223082.0,16.2,637750.0,12.0,below_than_avg,higher_than_avg,medium,high,0.003704660312355038,0.07053051284452576
ES53,40285.0,287.46,696.86,14678.6,7995.0,21.3,893071.8,7510.0,4400.0,18315.0,84.2,204.91,33799.28,11.3,241.2,1210725.0,72230.0,112.9,894665.0,25261.0,16.1,176280.0,18.2,below_than_avg,higher_than_avg,medium,medium,0.004211526151685973,0.041676681327303886
ES61,30414.0,217.98,864.81,74880.5,70505.0,21.8,5145657.0,242240.0,31430.0,74637.0,82.6,190.02,165865.23,9.6,97.4,8478083.0,585983.0,110.6,5184724.0,344735.0,22.3,4369000.0,17.2,below_than_avg,higher_than_avg,low,high,0.0026063675007663876,0.05267004345203981
ES62,22.0,325.41,764.5,14917.1,11568.0,18.7,1061000.4,40490.0,6766.0,19154.0,82.9,458.72,32356.07,12.8,132.4,1504869.0,110298.0,109.9,965936.0,69642.0,16.2,375860.0,12.4,below_than_avg,higher_than_avg,low,high,0.002597568293319884,0.06737397075758754
ES63,,211.94,629.27,998.4,537.0,25.5,51526.2,0.0,765.0,627.0,81.4,596.32,1765.16,9.0,4222.9,84085.0,7827.0,107.2,50245.0,2677.0,24.5,0.0,18.9,below_than_avg,higher_than_avg,low,high,0.0024023309746090266,0.05081762502229886
ES64,428.0,190.35,609.22,908.6,491.0,22.8,49001.5,0.0,,613.0,81.4,272.26,1621.83,10.5,6041.5,84473.0,8346.0,108.7,60568.0,2948.0,23.6,0.0,22.8,below_than_avg,higher_than_avg,low,high,0.0025451919548258022,0.07735015922247346
ES70,40035.0,290.96,744.08,21737.4,15756.0,18.2,1416989.8,21990.0,8765.0,24076.0,83.5,220.55,47164.2,10.2,299.4,2236992.0,125972.0,111.2,1583502.0,70349.0,22.6,52210.0,19.7,below_than_avg,below_than_avg,low,low,0.0018363945870168512,0.015706359253855176
FI13,3018.0,388.16,1113.12,20896.46,14025.0,8.6,902480.87,46140.0,,,,75.49,46441.87,26.1,6.3,1278237.0,88922.0,109.8,1091286.0,68190.0,8.8,1336730.0,10.5,below_than_avg,below_than_avg,low,low,0.0002198340370369501,0.001536491276656833
FI18,455.0,342.38,1136.41,19558.22,13016.0,8.2,814235.74,35060.0,,,,77.98,44755.99,24.8,36.6,1148794.0,72389.0,109.7,951005.0,55971.0,7.7,1432590.0,8.8,below_than_avg,below_than_avg,low,low,0.0006554699972318796,0.006701810768510281
FI19,667.0,333.02,1044.96,24284.21,14275.0,8.1,994183.02,19320.0,,,82.3,78.0,52966.94,25.6,23.7,1378652.0,94257.0,106.2,1185530.0,78986.0,7.7,791180.0,10.5,below_than_avg,below_than_avg,low,low,0.0005229746157841137,0.005551074527872154
FI1A,3018.0,388.16,1113.12,20896.46,14025.0,8.6,902480.87,46140.0,,,,75.49,46441.87,26.1,6.3,1278237.0,88922.0,109.8,1091286.0,68190.0,8.8,1336730.0,10.5,below_than_avg,below_than_avg,low,low,0.00020105817622240632,0.002116978306839811
FI1B,22049.0,274.76,728.54,43118.33,12367.0,8.0,1452428.95,3360.0,,,,111.19,94961.07,30.8,184.7,1689725.0,113557.0,111.0,1072690.0,91651.0,7.2,181470.0,7.6,below_than_avg,below_than_avg,medium,low,0.003263844708458477,0.014897690452588439
FI1D,,,,,,,,,,,,,,,,,,,,,,,,,,,,,
FI20,52.0,392.14,910.96,719.57,266.0,,28751.89,560.0,,,83.9,66.25,1358.82,25.4,19.2,29884.0,1978.0,94.7,30918.0,521.0,,19550.0,,below_than_avg,below_than_avg,low,low,0.0005688662829607817,0.003781287645562843
FR10,107991.0,534.57,613.93,382297.39,75788.0,5.9,9742156.29,8290.0,47481.0,120593.0,,180.78,742569.25,12.7,1026.8,12291557.0,831044.0,107.3,6334433.0,713715.0,8.2,571640.0,9.8,below_than_avg,below_than_avg,low,low,0.002465269452844745,0.002789638448570836
FR23,415.0,1167.79,,,34533.0,,,42650.0,9536.0,42270.0,,112.17,,,,3313432.0,209502.0,,,,,1994140.0,,below_than_avg,below_than_avg,low,low,0.0005667839267563059,0.0019318338206427655
FR24,195.0,597.56,1017.94,38148.25,27100.0,9.0,1512597.08,34330.0,6680.0,27993.0,82.7,84.19,76329.73,12.3,65.4,2565726.0,161345.0,104.3,1595131.0,66401.0,8.9,2302910.0,11.6,below_than_avg,below_than_avg,low,low,0.0009209868863627682,0.0019686435730081856
FR26,,1256.2,,,30190.0,,,45540.0,8410.0,33047.0,,67.02,,,,2794517.0,165883.0,,,,,2415360.0,,below_than_avg,below_than_avg,low,low,0.0014657273510950194,0.0034302886688468886
FR30,6164.0,1164.71,,,55644.0,,,41070.0,17969.0,81308.0,,130.09,,,,5987795.0,406551.0,,,,,2130000.0,,below_than_avg,below_than_avg,low,low,0.0011982708158846454,0.0026483872610869276
FR41,10674.0,1763.8,,,53323.0,,,71010.0,17734.0,,,,,,,5536002.0,333762.0,,,,,3004300.0,,below_than_avg,below_than_avg,low,low,0.002344471696361381,0.0026004325865489216
FR51,7204.0,500.32,898.22,62000.71,35374.0,8.2,2451013.79,59700.0,11161.0,35057.0,83.4,73.59,121220.27,14.4,118.3,3818421.0,248824.0,107.5,2383299.0,132945.0,6.9,2092730.0,10.5,below_than_avg,below_than_avg,low,low,0.0006175327445559303,0.0015653067066203543
FR52,2054.0,590.26,1041.05,50594.47,35286.0,4.5,2081611.66,54190.0,10919.0,35921.0,82.5,77.42,101355.39,13.7,122.4,3358524.0,205431.0,106.7,2179344.0,126447.0,6.7,1643670.0,8.3,below_than_avg,below_than_avg,low,low,0.00040851278716483796,0.0009542882528158203
FR61,10146.0,1936.6399999999999,,,65526.0,,,116560.0,20468.0,65340.0,,89.76,,,,6018424.0,341557.0,,,,,4025650.0,,below_than_avg,below_than_avg,low,low,0.00038232600428284876,0.0014307732389741898
FR62,13309.0,1266.14,,,59706.0,,,98440.0,20995.0,63231.0,,80.84,,,,5951850.0,351771.0,,,,,3546580.0,,below_than_avg,below_than_avg,low,low,0.0005090854104186093,0.0017834790863345009
FR71,12628.0,1286.5900000000001,,,69970.0,,,82670.0,27342.0,83536.0,,105.21,,,,8064146.0,517394.0,,,,,2934530.0,,below_than_avg,below_than_avg,low,low,0.0010237909879111811,0.003459138760632558
FR82,25090.0,688.32,989.25,85356.59,51482.0,8.2,3181779.79,37580.0,20491.0,60815.0,,103.16,170603.5,11.1,162.4,5077582.0,315357.0,106.9,3266173.0,158427.0,8.0,802030.0,13.2,below_than_avg,below_than_avg,low,low,0.0011938753524807675,0.0038851169710306995
FRM0,4249.0,596.41,929.07,5250.68,3216.0,6.9,199292.65,4110.0,1038.0,3146.0,84.0,176.85,9780.82,7.5,39.6,345867.0,16787.0,109.2,249281.0,5603.0,8.1,159000.0,18.8,below_than_avg,below_than_avg,low,low,0.0007401689088580292,0.0010264061040804703
FRO,,,,,,,,53170.0,,,,,,,,,,,,,,2619340.0,,,,,,,
FRY1,2462.0,563.0,754.0,5555.87,3641.0,12.2,192215.03,6650.0,1153.0,2750.0,81.8,917.0,10079.5,6.6,247.0,412682.0,30254.0,104.7,276360.0,14154.0,17.4,30960.0,22.3,below_than_avg,below_than_avg,low,low,0.0002132392495916953,0.0017931482352028924
FRY2,1954.0,521.93,876.55,5693.96,3559.0,14.8,201766.59,6460.0,1108.0,2707.0,82.1,1684.0,9132.86,7.6,328.6,359821.0,22946.0,100.2,254605.0,4328.0,12.4,24170.0,18.5,below_than_avg,below_than_avg,low,low,0.00027513680413316624,0.0008365270509503337
FRY3,560.0,350.41,333.05,2612.25,1020.0,26.8,85928.08,4090.0,625.0,1824.0,79.8,301.0,4353.52,4.4,3.4,288086.0,29010.0,104.7,99353.0,4524.0,16.1,19570.0,33.6,below_than_avg,below_than_avg,medium,low,0.00477635150614747,0.0028567858209007035
FRY4,2451.0,401.77,549.52,11029.76,5064.0,16.4,433863.16,11360.0,2893.0,8509.0,81.3,1946.0,19679.43,8.2,345.7,856858.0,74379.0,109.0,465240.0,22570.0,17.3,42200.0,24.7,below_than_avg,below_than_avg,low,low,0.0002182391948257471,0.0007912629630580563
FRY5,381.0,136.47,286.69,1674.27,777.0,,70055.64,,222.0,1382.0,75.9,0.0,2639.72,,750.8,278926.0,37312.0,124.0,,1805.0,27.8,,,below_than_avg,below_than_avg,low,low,0.001566723790539426,0.0014233165785907374
GRL,,,,,,,,53170.0,,,,,,,,,,,,,,2619340.0,,,,,,,
HR03,7692.0,524.77,1225.69,7882.59,16658.0,1.4,1017609.69,36690.0,4504.0,11247.0,79.9,460.71,17546.29,,56.0,1373802.0,52844.0,108.8,713705.0,49566.0,7.5,467420.0,9.4,below_than_avg,higher_than_avg,low,high,0.0019187626746794662,0.05286132936187311
HR04,3410.0,579.08,1320.16,16483.53,35136.0,2.6,1962213.7,138360.0,9642.0,27981.0,77.9,435.82,36691.62,,85.8,2684363.0,106492.0,109.6,1225400.0,114300.0,7.5,1103790.0,13.6,below_than_avg,higher_than_avg,low,high,0.0016473181905725864,0.05960073209174765
ITC1,3997.0,346.77,1213.45,55097.7,53137.0,12.0,3296619.7,55530.0,15758.0,44617.0,83.3,131.19,137781.87,7.0,172.3,4311217.0,198720.0,105.0,3345362.0,131326.0,7.5,948580.0,16.6,higher_than_avg,higher_than_avg,medium,medium,0.007473527776495592,0.04776516700504753
ITC2,,359.01,1147.43,1714.0,1392.0,,109158.8,0.0,461.0,1553.0,83.6,906.48,4868.04,7.5,38.6,125034.0,5789.0,101.5,271983.0,1154.0,5.8,0.0,14.7,higher_than_avg,higher_than_avg,high,high,0.009749348177295775,0.053889342098949085
ITC3,1539.0,351.56,1416.52,18559.1,21354.0,10.7,1141935.5,11740.0,6956.0,20107.0,83.5,198.78,49740.73,8.7,284.3,1524826.0,64847.0,101.0,953358.0,34415.0,8.3,37330.0,15.4,higher_than_avg,higher_than_avg,medium,medium,0.006926036151010017,0.04259240070670359
ITC4,49096.0,350.53,982.92,157914.2,99983.0,11.9,8286969.6,52530.0,36969.0,105664.0,84.2,144.36,398779.09,7.9,435.8,10027602.0,494636.0,106.4,6967861.0,328322.0,5.0,922320.0,15.7,higher_than_avg,higher_than_avg,high,medium,0.00974460294694584,0.047772937138909184
ITF1,699.0,293.07,1111.32,12901.0,14612.0,8.0,905173.3,27030.0,5498.0,13863.0,83.7,518.55,33130.95,6.9,120.5,1293941.0,57390.0,100.6,1025132.0,49265.0,9.3,424160.0,15.5,below_than_avg,higher_than_avg,medium,medium,0.0027667412965506153,0.03633009542166142
ITF2,,300.18,1177.64,2451.7,3663.0,8.6,195985.9,11790.0,1220.0,2038.0,83.6,1611.79,6489.57,7.1,68.2,300516.0,12603.0,103.5,254927.0,8407.0,9.5,174200.0,25.5,below_than_avg,below_than_avg,low,medium,0.0016771153615780857,0.03161229352180916
ITF3,10834.0,252.21,924.17,43228.2,53860.0,17.3,3223203.9,66720.0,21981.0,48380.0,82.1,2006.23,109630.67,5.3,422.2,5712143.0,291518.0,101.7,3958323.0,227318.0,17.9,509000.0,28.0,below_than_avg,higher_than_avg,low,medium,0.0009546329634954867,0.04306649886041018
ITF4,8294.0,283.3,960.47,31460.7,39140.0,15.6,2451686.0,95800.0,15002.0,37549.0,83.7,470.68,77475.32,5.5,206.8,3953305.0,184553.0,103.1,2697746.0,91130.0,14.0,1184540.0,22.7,below_than_avg,higher_than_avg,low,medium,0.0012480696531130282,0.03408945173721734
ITF5,,288.35,1091.16,4839.5,6508.0,10.1,367471.8,22810.0,1876.0,6845.0,83.0,1027.07,13089.85,7.1,55.7,553254.0,23135.0,105.9,439965.0,7772.0,8.6,484630.0,21.0,below_than_avg,below_than_avg,low,medium,0.0008910916143398874,0.025821774447179778
ITF6,3536.0,248.18,1007.27,13009.7,20162.0,16.6,1077528.8,49020.0,7258.0,14011.0,82.8,505.92,33619.41,5.6,126.5,1894110.0,87937.0,99.2,1488082.0,46395.0,20.1,498400.0,26.5,below_than_avg,below_than_avg,low,low,0.0007264625602525723,0.018498925616780442
ITG1,18182.0,281.95,1027.28,35708.9,52405.0,19.4,2618000.7,86910.0,21163.0,41690.0,82.3,1258.83,89365.04,4.7,192.1,4875290.0,237664.0,99.8,3787735.0,119324.0,17.9,1326110.0,29.3,below_than_avg,below_than_avg,low,medium,0.000794209164993262,0.0296811061495829
ITG2,9097.0,301.25,994.66,14140.3,17003.0,12.0,1033426.6,36340.0,7595.0,17631.0,83.6,825.4,35255.67,8.6,68.3,1611621.0,66624.0,99.6,1237233.0,41592.0,13.3,1134540.0,19.3,below_than_avg,below_than_avg,low,medium,0.0009716924760846378,0.024253841318771598
ITH1,37.0,349.97,826.12,9836.2,4454.0,14.2,538871.1,0.0,1770.0,5683.0,84.5,132.48,25515.9,7.1,72.2,532644.0,27774.0,107.8,570247.0,4735.0,3.8,0.0,10.4,below_than_avg,higher_than_avg,medium,high,0.005314994630559999,0.09095193037000322
ITH2,,347.06,916.56,7620.8,5074.0,7.9,461538.9,32050.0,1768.0,4368.0,84.9,109.87,20967.26,10.8,88.2,545425.0,27000.0,105.6,791582.0,18288.0,5.3,272540.0,11.6,higher_than_avg,higher_than_avg,high,medium,0.009181830682495302,0.04897281936104872
ITH3,18404.0,328.97,995.51,65182.8,48900.0,10.5,4000567.2,181900.0,16900.0,48950.0,84.3,135.28,164860.15,7.6,282.0,4879133.0,235939.0,105.3,3621253.0,120980.0,5.8,1616450.0,12.6,below_than_avg,higher_than_avg,medium,high,0.0044130791269678445,0.062358414906910714
ITH4,780.0,326.82,1174.2,16230.9,14318.0,8.5,927456.7,39200.0,4756.0,14912.0,83.9,135.33,38771.59,8.7,159.9,1206216.0,54321.0,103.3,907472.0,32982.0,5.6,439190.0,11.0,below_than_avg,higher_than_avg,medium,high,0.0029356267865788548,0.05814215696027909
ITH5,9905.0,371.56,1113.52,64216.8,50274.0,9.3,3713821.7,147720.0,19026.0,62670.0,84.0,204.74,163751.09,9.2,201.9,4464119.0,212847.0,106.3,3345612.0,169485.0,5.7,2086940.0,13.2,higher_than_avg,higher_than_avg,medium,medium,0.006860032181041769,0.047835642374228826
ITI1,8233.0,285.45,1152.71,44979.4,43677.0,11.7,2901702.2,129530.0,16212.0,43056.0,84.1,271.87,118727.3,8.2,162.7,3692555.0,167756.0,103.7,2943965.0,129391.0,6.6,1497770.0,15.2,below_than_avg,higher_than_avg,medium,medium,0.0029740924644318088,0.03706620483648856
ITI2,218.0,302.88,1130.5,9042.3,10263.0,11.2,637434.2,38390.0,3852.0,10116.0,84.5,282.41,23267.08,8.1,105.5,870165.0,38945.0,103.4,728816.0,27113.0,8.2,639400.0,14.9,below_than_avg,higher_than_avg,low,medium,0.0018134491734326248,0.047280688145351746
ITI3,482.0,301.75,1112.52,16654.7,17442.0,9.8,1157674.9,56160.0,5681.0,16746.0,84.4,298.01,42391.85,6.2,161.9,1512672.0,70983.0,102.6,1183635.0,51779.0,7.4,939040.0,14.6,below_than_avg,higher_than_avg,medium,medium,0.004678476232785429,0.03713495060396438
ITI4,49250.0,338.37,979.13,81787.6,56796.0,11.9,4565242.9,112980.0,26986.0,53245.0,83.8,567.21,200839.55,7.8,343.0,5755700.0,273929.0,104.1,4225066.0,294502.0,9.1,1241600.0,17.6,below_than_avg,higher_than_avg,low,medium,0.001634727313793283,0.03741595288149139
LU00,4366.0,426.45,674.73,31400.94,4283.0,8.2,,3530.0,1780.0,,,82.62,63516.34,16.3,239.8,626108.0,39175.0,112.1,,,,131040.0,,higher_than_avg,higher_than_avg,high,high,0.010102091013052062,0.07636541938451513
LV00,7786.0,542.32,1483.83,13899.49,27719.0,7.2,,82090.0,6253.0,,,366.34,30424.23,6.6,30.2,1907675.0,120787.0,111.3,,,,1877720.0,,below_than_avg,higher_than_avg,low,medium,0.0006956111496979308,0.041821589107159246
MT00,7318.0,430.84,762.02,5767.22,3688.0,16.7,,4450.0,1925.0,,,93.18,13442.0,11.0,1595.1,514564.0,26788.0,125.0,,,,10880.0,,below_than_avg,higher_than_avg,medium,medium,0.002928693029438515,0.037414199205541
NL11,,,962.35,10559.0,5500.0,6.1,408746.0,5600.0,3170.0,4819.0,81.3,,24669.25,19.9,247.9,585866.0,35459.0,97.4,323115.0,51402.0,5.2,162960.0,5.6,below_than_avg,higher_than_avg,low,medium,0.0009148849736970569,0.038938938255505526
NL12,,,988.31,9804.0,6256.0,6.4,438799.0,9450.0,1530.0,5330.0,82.0,,20727.69,16.4,191.0,649957.0,45161.0,104.7,393870.0,25784.0,3.9,226440.0,4.5,below_than_avg,higher_than_avg,low,medium,0.0011816166300232169,0.03706399038705637
NL13,177.0,,1080.19,7537.0,5143.0,6.5,323908.0,6350.0,1446.0,4092.0,81.9,,15701.17,18.1,184.5,493682.0,32859.0,103.4,308291.0,14733.0,3.7,150220.0,5.6,below_than_avg,higher_than_avg,low,medium,0.0011971268954509178,0.04104261447652537
NL21,,,903.93,21914.0,10478.0,6.8,873131.0,13470.0,3066.0,8765.0,81.9,,45517.0,17.3,344.9,1162406.0,83080.0,109.8,670236.0,53974.0,3.5,198730.0,4.7,below_than_avg,higher_than_avg,medium,high,0.0029086222885979594,0.06090643028339496
NL22,,,913.87,38627.0,19079.0,6.1,1530738.0,20120.0,7666.0,17413.0,82.1,,81757.36,17.6,415.8,2085952.0,139956.0,108.2,1194949.0,101148.0,3.5,232440.0,4.3,below_than_avg,higher_than_avg,medium,high,0.0034492644126039333,0.05362203924155493
NL23,,,591.63,6227.0,2469.0,9.0,262189.0,4870.0,520.0,2983.0,82.4,,14756.45,18.0,292.5,423021.0,33696.0,111.5,429317.0,16358.0,3.9,88600.0,5.5,below_than_avg,higher_than_avg,medium,high,0.0028485583458031636,0.056718224390751276
NL31,,,750.0,34954.0,9823.0,6.0,1140175.0,5130.0,7709.0,9831.0,82.7,,75838.85,22.2,934.6,1319231.0,95529.0,114.8,811443.0,79649.0,3.5,64470.0,3.7,below_than_avg,higher_than_avg,medium,high,0.0038484541372966526,0.05977800703591714
NL32,71690.0,,811.96,77141.0,23086.0,7.4,2520883.0,16380.0,13892.0,18068.0,82.4,,177732.61,20.5,1041.2,2879527.0,186715.0,114.5,1389380.0,152371.0,3.9,128040.0,5.6,below_than_avg,higher_than_avg,medium,high,0.003836741242572131,0.05840994024365807
NL33,2102.0,,842.33,79722.0,31224.0,7.0,2808887.0,26040.0,13658.0,28027.0,82.2,,170723.53,19.9,1292.2,3744299.0,258153.0,105.2,1802818.0,204902.0,4.4,128640.0,4.3,below_than_avg,higher_than_avg,medium,high,0.0046665610839305306,0.062302449670819555
NL34,,,1026.48,6305.0,3934.0,7.4,267651.0,5630.0,628.0,2919.0,82.6,,14390.68,17.7,212.6,383488.0,24497.0,106.1,236250.0,10586.0,2.6,122180.0,3.5,below_than_avg,higher_than_avg,low,medium,0.0025815670894526036,0.03874697513351135
NL41,6785.0,,903.55,55531.0,22886.0,8.0,2078590.0,27430.0,6727.0,20252.0,82.3,,120868.9,17.5,514.8,2562955.0,165534.0,109.9,1609609.0,120128.0,3.5,246900.0,3.9,below_than_avg,higher_than_avg,medium,high,0.004517441781069118,0.05997101002553693
NL42,440.0,,1053.85,21263.0,12007.0,7.5,838211.0,12840.0,3916.0,9953.0,81.8,,45847.99,15.3,517.7,1117201.0,61681.0,107.9,661564.0,49740.0,3.5,97940.0,4.6,below_than_avg,higher_than_avg,medium,high,0.0046518039278518365,0.057471305521566846
PT11,13203.0,334.11,985.99,27842.78,34947.0,10.5,3148273.06,135750.0,19005.0,,82.4,,63279.17,8.4,169.3,3575338.0,200579.0,111.7,,120925.0,6.8,646610.0,8.5,below_than_avg,higher_than_avg,medium,high,0.00551807968924896,0.08517348569561815
PT15,9061.0,277.45,1208.45,3665.36,5117.0,19.9,445006.4,11520.0,1838.0,,80.7,,10157.64,9.4,88.9,438406.0,29808.0,115.3,,8344.0,8.3,92230.0,12.8,below_than_avg,higher_than_avg,low,medium,0.0022695857264727216,0.04286437685615616
PT16,14.0,317.51,1280.33,16494.23,28066.0,6.0,1869250.86,96520.0,11093.0,,82.0,,39999.2,10.4,79.2,2217285.0,118130.0,109.8,,78685.0,5.6,558020.0,8.8,below_than_avg,higher_than_avg,low,high,0.0020858843134734595,0.0500192803360867
PT17,31204.0,385.42,1004.82,34367.11,28271.0,7.0,2766459.02,11000.0,18637.0,,82.2,,76767.6,12.5,1015.9,2863272.0,190780.0,109.7,,138832.0,7.7,74370.0,8.5,higher_than_avg,higher_than_avg,high,high,0.009936883397735179,0.09510238636077886
PT18,3.0,214.46,1476.48,5221.42,10442.0,12.7,594899.4,45030.0,2186.0,,80.7,,13408.43,10.3,22.7,704558.0,40604.0,102.9,,15566.0,5.9,2146510.0,7.6,below_than_avg,higher_than_avg,low,medium,0.0012220427558838308,0.03865686004558887
PT20,2836.0,611.15,943.07,1885.62,2271.0,27.0,207382.93,10950.0,861.0,,78.8,,4469.05,5.8,105.3,242796.0,16669.0,108.5,0.0,2673.0,6.1,118590.0,17.2,below_than_avg,below_than_avg,low,low,0.0007701939076426301,0.014506005041269214
PT30,3344.0,735.15,1074.14,2067.29,2679.0,23.2,228017.77,12700.0,1124.0,,78.8,,5069.44,7.9,318.0,254254.0,16130.0,108.8,0.0,3156.0,7.9,5260.0,16.1,below_than_avg,below_than_avg,low,medium,0.0005270320230950152,0.02259944779629819
RO11,2994.0,732.38,1250.91,9706.98,31541.0,14.9,2133723.4,216420.0,8542.0,62028.0,75.7,558.57,26835.53,0.7,75.0,2547429.0,122790.0,129.2,1072065.0,93552.0,3.8,1783180.0,12.1,below_than_avg,higher_than_avg,low,medium,0.0023097797818898975,0.03729681965621024
RO12,853.0,728.07,1242.54,9125.05,29012.0,21.7,1646124.5,156160.0,7438.0,62028.0,75.7,558.57,26835.53,0.7,68.2,2314826.0,119274.0,120.5,951080.0,56284.0,7.1,1693990.0,24.3,below_than_avg,higher_than_avg,medium,medium,0.003720798021103962,0.037304747743458905
RO21,853.0,664.57,1242.54,9125.05,29012.0,21.7,1646124.5,156160.0,7438.0,77260.0,74.6,463.16,23123.11,0.6,87.5,2314826.0,119274.0,120.5,951080.0,56284.0,7.1,1693990.0,24.3,below_than_avg,below_than_avg,medium,medium,0.0050677675125473795,0.031396312293019
RO22,23.0,622.8,1461.73,7446.18,35414.0,20.6,1729159.5,194360.0,5247.0,49132.0,74.4,419.67,22802.19,0.6,70.9,2377101.0,117487.0,113.6,920227.0,38722.0,7.4,2092500.0,19.9,below_than_avg,below_than_avg,medium,medium,0.004215218453065309,0.03127885605197255
RO31,,516.39,1471.51,8257.41,43444.0,17.0,2084686.8,279380.0,4658.0,64497.0,75.5,558.65,26067.46,2.2,86.1,2901376.0,134473.0,103.2,1046415.0,20650.0,5.9,2250950.0,17.7,below_than_avg,higher_than_avg,medium,medium,0.0049914247584594345,0.03726300899986765
RO32,14694.0,1025.84,1136.42,22693.1,25935.0,6.7,2300541.6,12150.0,14327.0,52026.0,77.2,708.51,61169.4,0.8,1321.9,2322002.0,109461.0,137.6,1580521.0,172709.0,4.7,75570.0,11.3,below_than_avg,higher_than_avg,medium,high,0.0044741563530091705,0.06248358097882775
RO41,514.0,674.44,1392.85,5596.05,27196.0,11.4,1536493.8,251630.0,5977.0,57253.0,76.2,585.5,17099.28,0.8,66.9,1910409.0,83148.0,111.6,738024.0,28627.0,5.0,1574200.0,13.5,below_than_avg,below_than_avg,medium,medium,0.003022389446448378,0.0260263639880256
RO42,1595.0,750.7,1297.81,7651.16,23433.0,6.6,1338723.0,116840.0,7388.0,43003.0,75.6,657.77,20803.2,1.5,55.7,1771480.0,76128.0,127.7,769544.0,55778.0,4.6,1648380.0,13.3,below_than_avg,higher_than_avg,medium,medium,0.0029732201323187392,0.04011391604759861
SK01,2285.0,715.17,950.52,10778.73,6062.0,,812644.0,2580.0,4310.0,,79.3,,26379.56,4.7,328.8,669592.0,30804.0,108.9,508871.0,53661.0,3.4,78640.0,7.9,below_than_avg,higher_than_avg,low,high,0.0011409933213061088,0.05155676889807525
SK02,,471.62,1072.85,11312.31,18992.0,4.1,1396909.0,22040.0,5063.0,,78.0,,28890.8,2.0,123.0,1823792.0,68962.0,110.9,977096.0,33708.0,4.7,817390.0,7.7,below_than_avg,higher_than_avg,low,high,0.0005318588961899164,0.057994552010316974
SK03,,583.78,1015.35,7776.08,13759.0,7.4,959293.0,14070.0,4427.0,,77.2,,18834.04,3.2,82.7,1336785.0,54700.0,112.2,620756.0,23727.0,6.7,465740.0,10.2,below_than_avg,higher_than_avg,low,high,0.0004376171186840068,0.05139719551012316
SK04,556.0,630.22,874.13,7510.14,14421.0,12.0,954483.0,11910.0,5654.0,,77.6,,19760.78,2.7,103.9,1627704.0,77254.0,111.8,657730.0,29713.0,10.5,539840.0,15.4,below_than_avg,higher_than_avg,low,medium,0.0004779738822292014,0.04900399581250645
