NUTS,Air_passengers,Hospital_beds,Death_rate,Compensation_of_employees,Deaths,Early_leavers_from_ed.,Employment_worked_hrs.,Farm_labour_force,Health_personnel,Respiratory_discharges,Life_expectancy,Longterm_care_beds,Gross_domestic_product,Ed._participation,Population_density,Population,Pupils_enrolled,GVA_growth,Vehicles,Tertiary_ed._students,Unemployment_rate,Utilised_agricultural_area,NEET_rate,Cases_density_1,Cases_density_2,Country,Latitude,Longitude
AT11,NA,587.21,1120.95,4305,3393,8.15,203160,6170,1277,3810,81.9,136.83,9272.61,9.3,77.8,294436,10538,107.5,254828,6750,4.2,181970,7.775,0.0015385346900514882,0.038942248909780056,AT,16.2874,47.2361
AT12,31635,671.36,1036.91,28451,17449,7.7,1179290,30660,7919,21247,81.7,179.09,61706.24,9.3,88.9,1684287,65453,108,1378944,33152,4.2,908850,7,0.0022080559904576833,0.03903788368609388,AT,15.7601,48.2589
AT13,NA,751.91,857.68,48625,16150,10.6,1662610,2110,13078,29354,81.1,191.88,100347.32,16.5,4808.9,1911191,72870,108.4,799636,192471,10.6,8020,9.9,0.003530782637632764,0.04249182839391772,AT,16.3932,48.2028
AT21,210,803.93,1081.98,10099,6031,8.15,438030,7530,2722,10855,82.2,98.88,21505.55,10.1,59.9,561293,20566,109.3,438684,15527,4.7,220340,7.9,0.001083213223753013,0.049172179236156514,AT,14.4629,46.7161
AT22,1035,801.3,1003.76,24503,12691,5.7,1023160,21440,6489,24310,82.2,85.65,50830.4,11.3,76.6,1246395,44991,109.6,947061,62035,4.4,375180,7.6,0.0018453219083837788,0.041520545252508236,AT,15.5247,47.1818
AT31,430,676.7,905.04,32123,13642,7.5,1226600,23960,6339,27667,82.3,116.7,68379.88,10.6,126.8,1490279,60943,109.9,1174450,39671,3.9,517350,7.5,0.002872616469801963,0.053853674379092775,AT,13.9503,48.143
AT32,1730,869.23,814.77,12733,4731,9.6,524750,7050,3236,8895,82.8,103.59,29851.8,10.6,78.9,558410,20948,109.6,383005,26837,3,178390,8.3,0.002764993463584105,0.06317222112784514,AT,13.0002,47.2823
AT33,1151,665.33,797.82,15832,6237,7.8,665850,9470,4452,15505,83,122.55,36382.23,11,60.4,757634,29067,109.1,504678,42025,3,259010,6.9,0.005283553800383827,0.05621975782501841,AT,10.7635,47.1809
AT34,NA,529.42,763.32,8374,3062,8.15,311710,2780,1712,5044,83.3,159.38,19162.79,10.5,156.3,397139,16689,107.4,254178,4582,3.6,77780,7.1,0.002653982610622477,0.05497823180297075,AT,9.8851,47.2366
BE10,NA,706.21,711.34,43504.3,8935,9.7,1083673.4,0,4760,16529,81.92727272727272,118.65676044478921,86650.96,10.3,7526.7,1223364,100639,102.8,570077,115754,12.3,0,11.3,0.007543135158464692,0.06837539767395477,BE,4.3569,50.8401
BE2,27022,2688.0199999999995,954.1490909090909,135150.6217272557,62427,8.39,4517867,40240,19628,93740,81.92727272727272,108.0394327923216,263252.77003520954,7.345454545454546,217.39289477749506,6639005,455650,107.03333333333333,4207726,247039,5.745454545454545,613190,9.163636363636364,0.006812617252133415,0.04408250935192849,BE,4.9852,51.1013
BE3,8364,2336.1299999999997,954.1490909090909,74508.28418052079,37421,8.39,2006334.5,16440,11955,50194,81.92727272727272,107.29883507895131,145130.75818974976,7.345454545454546,119.84829500522459,3660071,262282,107.03333333333333,2124909,149304,5.745454545454545,692570,9.163636363636364,0.006486486191114872,0.07786242398029984,BE,4.8252,50.4595
BG31,NA,792.68,1998.32,1505.46,15107,20,490433.88,38360,3299,30834,73.7,1918.75,3938.63,0.8,39,728157,26185,115.8,329824,4809,13,936770,27,0.00122089054970288,0.026729125724260016,BG,23.8763,43.4201
BG32,NA,674.11,1753.33,1843.34,13725,12.7,574486.27,41760,2595,30164,74.6,5128.06,4557.31,1.5,53.1,773450,25201,109.8,364640,29166,5.7,793430,13.1,0.0012773934966707609,0.02837675350701403,BG,25.593,43.2223
BG33,2069,536.38,1437.45,2478.74,13482,12.5,713057.09,35610,3687,20091,75,2631.13,6307.94,1.4,63.7,924870,33664,110.1,413877,31718,6.1,822230,14.5,0.0021527349789700174,0.028881896915242143,BG,27.3512,43.3648
BG34,2858,670.17,1517.16,2806.58,15831,24.4,782417.86,46720,3515,28186,74.5,1705.24,6818.65,0.7,52.5,1024115,42482,109.3,445427,12986,4.6,845160,21.6,0.0014500324670569222,0.032522714734185124,BG,26.5534,42.4799
BG41,7078,739.34,1343.42,12668.12,28739,5.2,2140683.61,55690,9334,58119,76,3452.36,30951.19,2.7,103.7,2094260,78218,118.4,1160682,113123,3.6,554470,6.5,0.0031333263300640803,0.04023091688711048,BG,23.3357,42.3235
BG42,NA,824.74,1466.29,3361.86,21199,15.1,1090510.17,102090,5687,54730,75.6,6320.29,8665.82,1.1,63.7,1406630,51107,115.6,625257,37662,3.4,698880,16.8,0.0019400979646388887,0.025157290829855756,BG,25.1669,41.7421
CY00,11261,311.47,669.03,9910.42,6239,11.5,798137.06,16550,3768,841.1,82.3,3327.697729582647,22286.88,4.7,95.7,888005,58473,121.4,693821,50211,7.6,109330,14.4,0.002354716471191041,0.035871419642907416,CY,33.1739,35.0284
DE1,14477,678.959192880412,1179.4407894736842,247302.3205321177,111582,11.45,7896478.309945238,67140,46015.001524708605,NA,81.2921052631579,140.82428585920533,NA,7.545945945945946,31.392520365510183,11100394,93772,106.8,6616220.456020029,439955,3.9642857142857144,1422460,8.225,0.0035325773121206326,0.024393008031967152,DE,9.0509,48.5342
DE2,53698,617.2955797215936,1179.4407894736842,292402.04595203965,134313,11.45,9336533.554055445,136570,54406.60872635687,NA,81.2921052631579,127.05399633115658,NA,7.545945945945946,37.11747290812065,13124737,110873,106.8,7822799.210485948,520188,3.9642857142857144,3136230,8.225,0.004120920670638962,0.028425407686264493,DE,11.4213,48.9474
DE3,24223,404.3393797980561,989.21,80077.13,34739,10.6,2854987,3180,15211.318982002305,53254,81.2921052631579,136.7516400221193,154672.63,10.3,4322.9,3669491,30998,115.5,1328836,145437,6.1,26740,10,0.0028510766207084305,0.03164199067391091,DE,13.4022,52.5005
DE4,11404,266.53796944362006,1303.24,36609.46,32027,10.8,1623513,22760,10454.125343672662,37975,81.2921052631579,134.4457106316904,74838.1,4.9,86.7,2521893,21304,105.9,1629514,99953,3.9,1313810,6.4,0.0014826164313870573,0.028097147658524765,DE,12.1381,53.0836
DE5,2305,553.298778599798,1182.98,18376.06,7704,16,588804,290,2823.819683214357,15649,81.2921052631579,117.60942461262484,33779.44,9.4,1744.5,681202,5754,104,316904,26998,5.1,8450,9.3,0.002753955508057815,0.022699581034700426,DE,8.7877,53.1065
DE6,17274,254.19021431208284,989.61,59427.63,17474,13.2,1808903,1890,7657.507437260564,33134,81.2921052631579,115.04224841849584,124075.6,10,2597.5,1847253,15604,108.1,868090,73214,4.7,14440,8.3,0.0032226229974995305,0.02379046075442833,DE,10.01,53.5392
DE7,70436,1113.8212236506386,1179.4407894736842,140090.23244504642,66669,11.45,3252718,24200,26066.28294342432,NA,81.2921052631579,118.84285325551006,NA,7.545945945945946,17.783033598623373,6288080,53119,106.8,2545001,249223,4,771890,7.6,0.0022305695856286814,0.02698248113891681,DE,9.0325,50.6006
DE8,126,271.0035993577202,1362.96,24185.9,21702,11.5,1087824,17130,6666.292432677781,41449,81.2921052631579,141.12549252208723,46711.17,5.2,71.3,1608138,13584,106.6,986526,63737,4.6,1340960,6.8,6.081567626658906e-4,0.013827793385891012,DE,12.4675,53.7138
DE9,6287,278.5547138081175,1179.4407894736842,178087.17490785467,94256,11.45,1143103,73330,33136.29086570467,NA,81.2921052631579,117.22207007207741,NA,7.545945945945946,22.60635991244141,7993608,67527,106.8,1095060,316820,4.4,2590900,6,0.00196694659032567,0.017789713981471195,DE,9.1837,52.7621
DEA,43439,1523.462026553345,1179.4407894736842,399840.7083931214,206479,11.45,3826268,60000,74397.48550180132,NA,81.2921052631579,100.29190282926633,NA,7.545945945945946,50.7557209903371,17947221,151611,106.8,3062624,711324,5.1,1463030,8.9,0.0031057733116452964,0.025797252956321202,DE,7.5507,51.4749
DEB,1597,1321.9596535497099,1179.4407894736842,91206.82670663747,47619,11.45,1030052,36920,16970.654626043826,NA,81.2921052631579,200.62089041816108,NA,7.545945945945946,11.577781230280946,4093903,34583,106.8,1082958,162258,2.2,706950,5.3,0.0020581826193732484,0.02225895435236253,DE,7.9074,49.5093
DEC,343,1238.3007412956074,1398.5,19864.81,13555,11.7,702041.0077216111,1800,4090.990536886808,16991,81.2921052631579,130.76905212994902,36382.55,5.3,385.5,986887,8336,100.6,588218.9368395607,39114,3.9642857142857144,77920,8.225,0.003078366621507832,0.02534940677098797,DE,6.957,49.3922
DED,4197,741.753299976021,1179.4407894736842,90718.21031212837,54946,11.45,2896674.7198546305,22940,16879.738842924784,NA,81.2921052631579,134.23770927591298,NA,7.545945945945946,11.51575633669101,4071971,34398,106.8,2427036.177861825,161389,3.9642857142857144,906640,8.225,0.0014165130350879218,0.045236569710344204,DE,13.3332,51.0583
DEE,NA,335.0627763566962,1511.31,32943.95,32299,12.7,1452109,16120,9098.13625321795,44487,81.2921052631579,125.85720006014263,63725.12,5.2,108.7,2194782,18540,102.5,1376196,86988,4.8,1172780,7.1,9.74584263949677e-4,0.025525086318367838,DE,11.6996,52.011
DEF,130,251.52461581024798,1241.54,48028.67,34960,14.8,1960862,25520,12037.151025666988,49851,81.2921052631579,114.41217961695855,98261.1,7.4,188.2,2903773,24530,107.6,1876900,115088,3.4,990450,9.3,0.0013258612157355275,0.012723101978012746,DE,9.8212,54.0804
DEG,150,620.2115138159376,1388.99,34106.75,29196,9.6,1509518,15940,8843.595274436186,40560,81.2921052631579,127.5517383745098,63946.76,6,132.4,2133378,18022,103.3,1366858,84554,4.2,780670,5.7,0.0016509029342198147,0.03263650417319387,DE,11.0218,50.9044
DK01,30135,297.59,844.13,64758.98,15321,7.9,1527162,2650,8961,28694,81.5,134.75360350307866,126934.24,22.7,756,1846023,143164,114.3,909175,128712,6.1,98480,7.1,0.0039999501631344785,0,DK,12.3296,55.8618
DK02,6,275.73,1094.17,15793.52,9056,11.9,456715,7910,3069,12169,80.8,120.38928317136187,30909.62,18.9,118.3,837359,66815,107.8,450391,24142,5.3,470050,8,0.002430259900472796,0,DK,11.7509,55.4376
DK03,3847,252.61,1016.24,30028.53,12163,10.1,830170,17080,4879,16125,81.5,117.74504474801341,58664.66,18.5,102,1223105,98059,107.5,675759,52316,5.1,773600,7.9,8.568356764137176e-4,0,DK,9.0569,55.4038
DK04,612,216.92,886.77,33907.66,11367,9.6,924964,15950,5274,16990,82,118.52006924439993,65703.05,18.9,103.7,1326340,108318,116.5,720480,71223,5.5,791690,7.1,0.0012485486376042343,0,DK,9.3996,56.2457
DK05,1443,225.31,1048.94,13828.91,6051,8.4,395443,9580,2099,7734,81.3,119.27484904919856,26559.43,17.9,76.4,589936,45518,107,329763,32174,5.8,485520,7.7,9.475604133329718e-4,0,DK,9.953,57.2719
EE00,3258,453.01,1183.46,13785.1,15401,7.5,1182028,22060,4603,1324.3,79,116.11,28112.39,17.1,30.5,1328976,89618,120,NA,45484,6.8,957510,8.9,0.0016599246337029412,0.041254319114867384,EE,25.8548,58.6709
ES11,5248,329.67,1199.91,27844.8,31268,12,1871340.3,76900,12831,45875,84,122.28,64429.89,11.6,92,2702592,139276,109.6,1872820,99536,12,655520,9.2,0.004305866368286445,0.03622670384578952,ES,-7.8957,42.7431
ES12,1405,345.79,1291.62,10891.4,12893,8.9,684403,20240,4065,17387,83.2,71.78,23765.12,11.1,96.6,1018899,50287,106.8,629120,34999,14.1,336310,12.1,0.002877615936417643,0.03850725145475656,ES,-5.9972,43.3017
ES13,1171,328.34,1048.38,6304.4,6013,9.1,390162.8,8800,3000,7287,83.9,103.56,14187.41,11.9,110.5,582388,34068,109.7,377754,23531,12.1,222950,10.5,0.005561584373304395,0.03596056237422474,ES,-4.0606,43.1875
ES21,6353,325.71,1000.89,34098.9,21566,6.5,1734820.2,13280,12300,32935,84.5,107.94,74496.02,13.1,303.7,2189138,139270,109.5,1226007,89224,9.5,187250,8.2,0.010609198689164412,0.056975850768658715,ES,-2.5863,43.0651
ES22,240,335.41,899.51,9521.1,5568,10.8,514593.8,11320,3530,8125,85,96.2,20973.51,13.6,63.1,656509,43985,111.1,424559,27393,10.1,546890,9.9,0.012875680302935679,0.06449111893363228,ES,-1.6508,42.7117
ES23,NA,323.43,1023.22,3649.7,3147,14.6,240385.3,8290,1100,5206,84.2,97.33,8866.58,10.5,62.6,315931,20233,106.3,194966,34712,10.8,215840,9.1,0.015158373189082426,0.0712687263991188,ES,-2.4332,42.3132
ES24,345,362.29,1070.73,17017.9,13620,14.2,1045786.8,39460,6665,18764,84.4,86.34,38044.04,10.9,27.9,1330333,82001,109.9,792992,52720,11.7,2261690,11.8,0.01747757892196916,0.061605628064552255,ES,-0.6751,41.507
ES30,59747,273.1,706.52,117599,47165,10,5882698.4,5720,34800,93568,85.8,122.6,240129.72,12.4,839.7,6747068,444162,114.1,4625861,408905,12.5,304150,9.9,0.014749962502230601,0.07019938142019615,ES,-3.7119,40.5008
ES41,242,349.97,1214.06,25704.4,28719,15.4,1701302.1,67360,11200,39128,84.7,87.57,59794.83,10.4,25.6,2401307,128342,108,1662819,109491,12.1,5295680,11.7,0.010160300203181018,0.07460478814245743,ES,-4.8172,41.7447
ES42,NA,233.41,962.47,17895.8,19467,18.7,1266063.8,75350,5765,26435,83.9,44.91,42820.22,9.1,25.8,2045554,134390,110.6,1436412,53090,17.7,4045810,12.4,0.01018159383717076,0.07127800097186386,ES,-3.1358,39.2748
ES43,NA,335.24,1072.25,8806.2,11261,18.4,661819.3,55070,3265,14968,83.1,84.51,20676.92,10.3,26,1061979,64295,108.7,765835,32624,21.8,2491730,16.6,0.0038428255172654074,0.06084583593460888,ES,-6.1601,39.1892
ES51,54693,384,884.26,110681,64547,17.4,6151178.5,56050,37258,123067,84.3,115.07,236814.4,10,238.1,7652348,518479,110.7,4429223,379060,12.6,1125270,17,0.01270564276480892,0.06054756004300902,ES,1.5078,41.8005
ES52,23401,231.9,913.8,52296.6,44016,15.5,3420227.5,63490,19660,64922,83.5,181.74,116015.25,12,216.2,5029341,328888,110.9,3161734,223082,16.2,637750,12,0.003704660312355038,0.07053051284452576,ES,-0.54,39.3945
ES53,40285,287.46,696.86,14678.6,7995,21.3,893071.8,7510,4400,18315,84.2,204.91,33799.28,11.3,241.2,1210725,72230,112.9,894665,25261,16.1,176280,18.2,0.004211526151685973,0.041676681327303886,ES,2.9634,39.6075
ES61,30414,217.98,864.81,74880.5,70505,21.8,5145657,242240,31430,74637,82.6,190.02,165865.23,9.6,97.4,8478083,585983,110.6,5184724,344735,22.3,4369000,17.2,0.0026063675007663876,0.05267004345203981,ES,-4.5804,37.4607
ES62,22,325.41,764.5,14917.1,11568,18.7,1061000.4,40490,6766,19154,82.9,458.72,32356.07,12.8,132.4,1504869,110298,109.9,965936,69642,16.2,375860,12.4,0.002597568293319884,0.06737397075758754,ES,-1.4907,37.9999
ES63,NA,211.94,629.27,998.4,537,25.5,51526.2,0,765,627,81.4,596.32,1765.16,9,4222.9,84085,7827,107.2,50245,2677,24.5,0,18.9,0.0024023309746090266,0.05081762502229886,ES,-5.3543,35.8958
ES64,428,190.35,609.22,908.6,491,22.8,49001.5,0,317.1908224422171,613,81.4,272.26,1621.83,10.5,6041.5,84473,8346,108.7,60568,2948,23.6,0,22.8,0.0025451919548258022,0.07735015922247346,ES,-2.9509,35.297
ES70,40035,290.96,744.08,21737.4,15756,18.2,1416989.8,21990,8765,24076,83.5,220.55,47164.2,10.2,299.4,2236992,125972,111.2,1583502,70349,22.6,52210,19.7,0.0018363945870168512,0.015706359253855176,ES,-16.5646,28.2457
FI19,667,333.02,1044.96,24284.21,14275,8.1,994183.02,19320,NA,NA,82.3,78,52966.94,25.6,23.7,1378652,94257,106.2,1185530,78986,7.7,791180,10.5,5.229746157841137e-4,0.0055510745278721536,FI,23.7142,62.3222
FI1B,22049,274.76,728.54,43118.33,12367,8,1452428.95,3360,NA,NA,82.4,111.19,94961.07,30.8,184.7,1689725,113557,111,1072690,91651,7.2,181470,7.6,0.003263844708458477,0.014897690452588439,FI,24.7512,60.3817
FI20,52,392.14,910.96,719.57,266,8.225,28751.89,560,NA,NA,83.9,66.25,1358.82,25.4,19.2,29884,1978,94.7,30918,521,7.8500000000000005,19550,9.35,5.688662829607817e-4,0.003781287645562843,FI,20.0931,60.2653
FR10,107991,534.57,613.93,382297.39,75788,5.9,9742156.29,8290,47481,120593,82.41538461538461,180.78,742569.25,12.7,1026.8,12291557,831044,107.3,6334433,713715,8.2,571640,9.8,0.002465269452844745,0.002789638448570836,FR,2.5234,48.7196
FRM0,4249,596.41,929.07,5250.68,3216,6.9,199292.65,4110,1038,3146,84,176.85,9780.82,7.5,39.6,345867,16787,109.2,249281,5603,8.1,159000,18.8,7.401689088580292e-4,0.0010264061040804703,FR,9.0976,42.1267
HR03,7692,524.77,1225.69,7882.59,16658,1.4,1017609.69,36690,4504,11247,79.9,460.71,17546.29,3.0999999999999996,56,1373802,52844,108.8,713705,49566,7.5,467420,9.4,0.0019187626746794662,0.05286132936187311,HR,15.5424,44.4289
ITC1,3997,346.77,1213.45,55097.7,53137,12,3296619.7,55530,15758,44617,83.3,131.19,137781.87,7,172.3,4311217,198720,105,3345362,131326,7.5,948580,16.6,0.007473527776495592,0.04776516700504753,IT,7.9189,45.0634
ITC2,NA,359.01,1147.43,1714,1392,11.86,109158.8,0,461,1553,83.6,906.48,4868.04,7.5,38.6,125034,5789,101.5,271983,1154,5.8,0,14.7,0.009749348177295775,0.053889342098949085,IT,7.3925,45.7281
ITC3,1539,351.56,1416.52,18559.1,21354,10.7,1141935.5,11740,6956,20107,83.5,198.78,49740.73,8.7,284.3,1524826,64847,101,953358,34415,8.3,37330,15.4,0.006926036151010017,0.04259240070670359,IT,8.1521,44.1573
ITC4,49096,350.53,982.92,157914.2,99983,11.9,8286969.6,52530,36969,105664,84.2,144.36,398779.09,7.9,435.8,10027602,494636,106.4,6967861,328322,5,922320,15.7,0.00974460294694584,0.047772937138909184,IT,9.773,45.6127
ITF1,699,293.07,1111.32,12901,14612,8,905173.3,27030,5498,13863,83.7,518.55,33130.95,6.9,120.5,1293941,57390,100.6,1025132,49265,9.3,424160,15.5,0.0027667412965506153,0.03633009542166142,IT,13.8714,42.2341
ITF2,NA,300.18,1177.64,2451.7,3663,8.6,195985.9,11790,1220,2038,83.6,1611.79,6489.57,7.1,68.2,300516,12603,103.5,254927,8407,9.5,174200,25.5,0.0016771153615780857,0.03161229352180916,IT,14.5396,41.5949
ITF3,10834,252.21,924.17,43228.2,53860,17.3,3223203.9,66720,21981,48380,82.1,2006.23,109630.67,5.3,422.2,5712143,291518,101.7,3958323,227318,17.9,509000,28,9.546329634954867e-4,0.04306649886041018,IT,14.7373,41.0387
ITF4,8294,283.3,960.47,31460.7,39140,15.6,2451686,95800,15002,37549,83.7,470.68,77475.32,5.5,206.8,3953305,184553,103.1,2697746,91130,14,1184540,22.7,0.0012480696531130282,0.03408945173721734,IT,16.5847,41.0043
ITF5,NA,288.35,1091.16,4839.5,6508,10.1,367471.8,22810,1876,6845,83,1027.07,13089.85,7.1,55.7,553254,23135,105.9,439965,7772,8.6,484630,21,8.910916143398874e-4,0.025821774447179778,IT,16.0794,40.5157
ITF6,3536,248.18,1007.27,13009.7,20162,16.6,1077528.8,49020,7258,14011,82.8,505.92,33619.41,5.6,126.5,1894110,87937,99.2,1488082,46395,20.1,498400,26.5,7.264625602525723e-4,0.018498925616780442,IT,16.3822,39.1604
ITG1,18182,281.95,1027.28,35708.9,52405,19.4,2618000.7,86910,21163,41690,82.3,1258.83,89365.04,4.7,192.1,4875290,237664,99.8,3787735,119324,17.9,1326110,29.3,7.94209164993262e-4,0.0296811061495829,IT,14.1658,37.5704
ITG2,9097,301.25,994.66,14140.3,17003,12,1033426.6,36340,7595,17631,83.6,825.4,35255.67,8.6,68.3,1611621,66624,99.6,1237233,41592,13.3,1134540,19.3,9.716924760846378e-4,0.024253841318771598,IT,9.0348,40.0775
ITH1,37,349.97,826.12,9836.2,4454,14.2,538871.1,0,1770,5683,84.5,132.48,25515.9,7.1,72.2,532644,27774,107.8,570247,4735,3.8,0,10.4,0.005314994630559999,0.09095193037000322,IT,11.4241,46.7053
ITH2,NA,347.06,916.56,7620.8,5074,7.9,461538.9,32050,1768,4368,84.9,109.87,20967.26,10.8,88.2,545425,27000,105.6,791582,18288,5.3,272540,11.6,0.009181830682495302,0.04897281936104872,IT,10.859,46.1313
ITH3,18404,328.97,995.51,65182.8,48900,10.5,4000567.2,181900,16900,48950,84.3,135.28,164860.15,7.6,282,4879133,235939,105.3,3621253,120980,5.8,1616450,12.6,0.0044130791269678445,0.062358414906910714,IT,11.8546,45.661
ITH4,780,326.82,1174.2,16230.9,14318,8.5,927456.7,39200,4756,14912,83.9,135.33,38771.59,8.7,159.9,1206216,54321,103.3,907472,32982,5.6,439190,11,0.0029356267865788548,0.05814215696027909,IT,13.0495,46.1665
ITH5,9905,371.56,1113.52,64216.8,50274,9.3,3713821.7,147720,19026,62670,84,204.74,163751.09,9.2,201.9,4464119,212847,106.3,3345612,169485,5.7,2086940,13.2,0.006860032181041769,0.047835642374228826,IT,11.0296,44.5224
ITI1,8233,285.45,1152.71,44979.4,43677,11.7,2901702.2,129530,16212,43056,84.1,271.87,118727.3,8.2,162.7,3692555,167756,103.7,2943965,129391,6.6,1497770,15.2,0.0029740924644318088,0.03706620483648856,IT,11.1306,43.4794
ITI2,218,302.88,1130.5,9042.3,10263,11.2,637434.2,38390,3852,10116,84.5,282.41,23267.08,8.1,105.5,870165,38945,103.4,728816,27113,8.2,639400,14.9,0.0018134491734326248,0.047280688145351746,IT,12.4893,42.9717
ITI3,482,301.75,1112.52,16654.7,17442,9.8,1157674.9,56160,5681,16746,84.4,298.01,42391.85,6.2,161.9,1512672,70983,102.6,1183635,51779,7.4,939040,14.6,0.004678476232785429,0.03713495060396438,IT,13.153,43.3477
ITI4,49250,338.37,979.13,81787.6,56796,11.9,4565242.9,112980,26986,53245,83.8,567.21,200839.55,7.8,343,5755700,273929,104.1,4225066,294502,9.1,1241600,17.6,0.001634727313793283,0.03741595288149139,IT,12.7501,41.9898
LU00,4366,426.45,674.73,31400.94,4283,8.2,573175.78,3530,1780,NA,82.7,82.62,63516.34,16.3,239.8,626108,39175,112.1,425335,7102,6.8,131040,6.6,0.010102091013052062,0.07636541938451513,LU,6.0943,49.771
LV00,7786,542.32,1483.83,13899.49,27719,7.2,1680177,82090,6253,1562.5,75.7,366.34,30424.23,6.6,30.2,1907675,120787,111.3,775050,80355,8.1,1877720,7.1,6.956111496979308e-4,0.041821589107159246,LV,26.382,56.6829
MT00,7318,430.84,762.02,5767.22,3688,16.7,353099.33,4450,1925,NA,82.9,93.18,13442,11,1595.1,514564,26788,125,324722,16068,4.3,10880,9.3,0.002928693029438515,0.037414199205541,MT,14.4312,35.886
NL11,NA,1400.1632815943958,962.35,10559,5500,6.1,408746,5600,3170,4819,81.3,110.44653246693166,24669.25,19.9,247.9,585866,35459,97.4,323115,51402,5.2,162960,5.6,9.148849736970569e-4,0.038938938255505526,NL,6.6929,53.2675
NL12,NA,1713.8947248524544,988.31,9804,6256,6.4,438799,9450,1530,5330,82,111.65154119616473,20727.69,16.4,191,649957,45161,104.7,393870,25784,3.9,226440,4.5,0.0011816166300232169,0.03706399038705637,NL,5.8002,53.0649
NL13,177,1502.2718716573088,1080.19,7537,5143,6.5,323908,6350,1446,4092,81.9,109.47260176129133,15701.17,18.1,184.5,493682,32859,103.4,308291,14733,3.7,150220,5.6,0.0011971268954509178,0.04104261447652537,NL,6.6292,52.8638
NL21,NA,1745.639909850666,903.93,21914,10478,6.8,873131,13470,3066,8765,81.9,105.05443979216156,45517,17.3,344.9,1162406,83080,109.8,670236,53974,3.5,198730,4.7,0.0029086222885979594,0.06090643028339496,NL,6.4397,52.4452
NL22,NA,1865.416727634364,913.87,38627,19079,6.1,1530738,20120,7666,17413,82.1,110.32316842363166,81757.36,17.6,415.8,2085952,139956,108.2,1194949,101148,3.5,232440,4.3,0.0034492644126039333,0.05362203924155493,NL,5.9378,52.0672
NL23,NA,1805.0574663835057,591.63,6227,2469,9,262189,4870,520,2983,82.4,110.5670009834588,14756.45,18,292.5,423021,33696,111.5,429317,16358,3.9,88600,5.5,0.0028485583458031636,0.056718224390751276,NL,5.4817,52.5438
NL31,NA,1941.3054937877087,750,34954,9823,6,1140175,5130,7709,9831,82.7,114.22221017807468,75838.85,22.2,934.6,1319231,95529,114.8,811443,79649,3.5,64470,3.7,0.0038484541372966526,0.05977800703591714,NL,5.2003,52.0749
NL32,71690,1778.681574285823,811.96,77141,23086,7.4,2520883,16380,13892,18068,82.4,117.0705425469851,177732.61,20.5,1041.2,2879527,186715,114.5,1389380,152371,3.9,128040,5.6,0.003836741242572131,0.05840994024365807,NL,4.9123,52.5945
NL33,2102,1784.3323377463169,842.33,79722,31224,7,2808887,26040,13658,28027,82.2,124.97159954152131,170723.53,19.9,1292.2,3744299,258153,105.2,1802818,204902,4.4,128640,4.3,0.0046665610839305306,0.062302449670819555,NL,4.4867,51.9388
NL34,NA,1359.9484634368291,1026.48,6305,3934,7.4,267651,5630,628,2919,82.6,104.89632681961064,14390.68,17.7,212.6,383488,24497,106.1,236250,10586,2.6,122180,3.5,0.0025815670894526036,0.03874697513351135,NL,3.7883,51.3073
NL41,6785,2134.7746017183476,903.55,55531,22886,8,2078590,27430,6727,20252,82.3,97.04085349911782,120868.9,17.5,514.8,2562955,165534,109.9,1609609,120128,3.5,246900,3.9,0.004517441781069118,0.05997101002553693,NL,5.4595,51.5461
NL42,440,1869.8213610263906,1053.85,21263,12007,7.5,838211,12840,3916,9953,81.8,104.94454841194133,45847.99,15.3,517.7,1117201,61681,107.9,661564,49740,3.5,97940,4.6,0.0046518039278518365,0.057471305521566846,NL,5.9292,51.1854
PT11,13203,334.11,985.99,27842.78,34947,10.5,3148273.06,135750,19005,333.71505303708494,82.4,249.23806223604876,63279.17,8.4,169.3,3575338,200579,111.7,1675894.7718325793,120925,6.8,646610,8.5,0.00551807968924896,0.08517348569561815,PT,-7.6933,41.4531
PT15,9061,277.45,1208.45,3665.36,5117,19.9,445006.4,11520,1838,40.91995820864384,80.7,96.39687465108766,10157.64,9.4,88.9,438406,29808,115.3,205497.30496530223,8344,8.3,92230,12.8,0.0022695857264727216,0.04286437685615616,PT,-8.1299,37.2026
PT16,14,317.51,1280.33,16494.23,28066,6,1869250.86,96520,11093,206.95704332662615,82,187.3642822453497,39999.2,10.4,79.2,2217285,118130,109.8,1039324.4888071563,78685,5.6,558020,8.8,0.0020858843134734595,0.0500192803360867,PT,-7.9946,40.1425
PT17,31204,385.42,1004.82,34367.11,28271,7,2766459.02,11000,18637,267.25220590042125,82.2,178.20627288208297,76767.6,12.5,1015.9,2863272,190780,109.7,1342122.7797580573,138832,7.7,74370,8.5,0.009936883397735179,0.09510238636077886,PT,-8.8878,38.6221
PT18,3,214.46,1476.48,5221.42,10442,12.7,594899.4,45030,2186,65.7620651076073,80.7,214.4332614529403,13408.43,10.3,22.7,704558,40604,102.9,330252.71139478794,15566,5.9,2146510,7.6,0.0012220427558838308,0.03865686004558887,PT,-8.0017,38.4793
PT20,2836,611.15,943.07,1885.62,2271,27,207382.93,10950,861,22.66210355977311,78.8,234.47835375132092,4469.05,5.8,105.3,242796,16669,108.5,0,2673,6.1,118590,17.2,7.701939076426301e-4,0.014506005041269214,PT,-25.3659,37.7846
PT30,3344,735.15,1074.14,2067.29,2679,23.2,228017.77,12700,1124,23.73157085984346,78.8,182.57510214076513,5069.44,7.9,318,254254,16130,108.8,0,3156,7.9,5260,16.1,5.270320230950152e-4,0.02259944779629819,PT,-16.9503,32.7326
RO11,2994,732.38,1250.91,9706.98,31541,14.9,2133723.4,216420,8542,62028,75.7,558.57,26835.53,0.7,75,2547429,122790,129.2,1072065,93552,3.8,1783180,12.1,0.0023097797818898975,0.03729681965621024,RO,23.3458,47.225
RO12,853,728.07,1242.54,9125.05,29012,21.7,1646124.5,156160,7438,62028,75.7,558.57,26835.53,0.7,68.2,2314826,119274,120.5,951080,56284,7.1,1693990,24.3,0.003720798021103962,0.037304747743458905,RO,24.8114,46.186
RO21,853,664.57,1242.54,9125.05,29012,21.7,1646124.5,156160,7438,77260,74.6,463.16,23123.11,0.6,87.5,2314826,119274,120.5,951080,56284,7.1,1693990,24.3,0.0050677675125473795,0.031396312293019,RO,26.6947,47.0893
RO22,23,622.8,1461.73,7446.18,35414,20.6,1729159.5,194360,5247,49132,74.4,419.67,22802.19,0.6,70.9,2377101,117487,113.6,920227,38722,7.4,2092500,19.9,0.004215218453065309,0.03127885605197255,RO,26.9744,45.4531
RO31,NA,516.39,1471.51,8257.41,43444,17,2084686.8,279380,4658,64497,75.5,558.65,26067.46,2.2,86.1,2901376,134473,103.2,1046415,20650,5.9,2250950,17.7,0.0049914247584594345,0.03726300899986765,RO,25.3492,44.5192
RO32,14694,1025.84,1136.42,22693.1,25935,6.7,2300541.6,12150,14327,52026,77.2,708.51,61169.4,0.8,1321.9,2322002,109461,137.6,1580521,172709,4.7,75570,11.3,0.0044741563530091705,0.06248358097882775,RO,26.144,44.5139
RO41,514,674.44,1392.85,5596.05,27196,11.4,1536493.8,251630,5977,57253,76.2,585.5,17099.28,0.8,66.9,1910409,83148,111.6,738024,28627,5,1574200,13.5,0.003022389446448378,0.0260263639880256,RO,23.6859,44.5996
RO42,1595,750.7,1297.81,7651.16,23433,6.6,1338723,116840,7388,43003,75.6,657.77,20803.2,1.5,55.7,1771480,76128,127.7,769544,55778,4.6,1648380,13.3,0.0029732201323187392,0.04011391604759861,RO,21.9876,45.7133
SK01,2285,715.17,950.52,10778.73,6062,7.833333333333333,812644,2580,4310,168.24841266918452,79.3,192.5965710873809,26379.56,4.7,328.8,669592,30804,108.9,508871,53661,3.4,78640,7.9,0.0011409933213061088,0.05155676889807525,SK,17.1607,48.2998
SK02,NA,471.62,1072.85,11312.31,18992,4.1,1396909,22040,5063,458.26429981056725,78,290.99800883552246,28890.8,2,123,1823792,68962,110.9,977096,33708,4.7,817390,7.7,5.318588961899164e-4,0.057994552010316974,SK,18.0701,48.4057
SK03,NA,583.78,1015.35,7776.08,13759,7.4,959293,14070,4427,335.8940284979149,77.2,544.4642759578667,18834.04,3.2,82.7,1336785,54700,112.2,620756,23727,6.7,465740,10.2,4.376171186840068e-4,0.05139719551012316,SK,19.3647,48.796
SK04,556,630.22,874.13,7510.14,14421,12,954483,11910,5654,408.9932590223335,77.6,150.53993555910063,19760.78,2.7,103.9,1627704,77254,111.8,657730,29713,10.5,539840,15.4,4.779738822292014e-4,0.04900399581250645,SK,21.2527,48.9446
FR23,415,1167.79,NA,NA,34533,9.61304347826087,2058312.9236755946,42650,9536,42270,82.41538461538461,112.17,113344.40780047409,11.811538461538461,5.222133202900002,3313432,209502,105.41071428571428,2005987.6741489957,131880,9.7,1994140,13.696153846153846,5.667839267563059e-4,0.0019318338206427655,FR,0.9341,49.3107
FR24,195,597.56,1017.94,38148.25,27100,9,1512597.08,34330,6680,27993,82.7,84.19,76329.73,12.3,65.4,2565726,161345,104.3,1595131,66401,8.9,2302910,11.6,9.209868863627682e-4,0.0019686435730081856,FR,1.5908,47.55
FR26,NA,1256.2,NA,NA,30190,9.61304347826087,1735961.5216280739,45540,8410,33047,82.41538461538461,67.02,95593.59433160465,11.811538461538461,4.404297420852006,2794517,165883,105.41071428571428,1691830.9043915279,111227,9.7,2415360,13.696153846153846,0.0014657273510950194,0.0034302886688468886,FR,4.1819,47.0656
FR30,6164,1164.71,NA,NA,55644,9.61304347826087,3719634.4553985437,41070,17969,81308,82.41538461538461,130.09,204827.82755331622,11.811538461538461,9.437061959218907,5987795,406551,105.41071428571428,3625076.0436100652,238325,9.7,2130000,13.696153846153846,0.0011982708158846454,0.0026483872610869276,FR,2.8932,50.3672
FR41,10674,1763.8,NA,NA,53323,9.61304347826087,3438979.4213655028,71010,17734,88.81258135000637,82.41538461538461,113.43069165655871,189373.09359969967,11.811538461538461,8.72501377892192,5536002,333762,105.41071428571428,3351555.660736115,220343,9.7,3004300,13.696153846153846,0.002344471696361381,0.0026004325865489216,FR,6.2643,48.7255
FR51,7204,500.32,898.22,62000.71,35374,8.2,2451013.79,59700,11161,35057,83.4,73.59,121220.27,14.4,118.3,3818421,248824,107.5,2383299,132945,6.9,2092730,10.5,6.175327445559303e-4,0.0015653067066203543,FR,-0.8859,47.4727
FR52,2054,590.26,1041.05,50594.47,35286,4.5,2081611.66,54190,10919,35921,82.5,77.42,101355.39,13.7,122.4,3358524,205431,106.7,2179344,126447,6.7,1643670,8.3,4.0851278716483796e-4,9.542882528158203e-4,FR,-2.6897,48.0984
FR61,10146,1936.6399999999999,NA,NA,65526,9.61304347826087,3738661.2730725626,116560,20468,65340,82.41538461538461,89.76,205875.5707593095,11.811538461538461,9.48533478264538,6018424,341557,105.41071428571428,3643619.1724479315,239544,9.7,4025650,13.696153846153846,3.8232600428284876e-4,0.0014307732389741898,FR,-0.4929,44.2823
FR62,13309,1266.14,NA,NA,59706,9.61304347826087,3697305.324140827,98440,20995,63231,82.41538461538461,80.84,203598.23698426635,11.811538461538461,9.38041085607925,5951850,351771,105.41071428571428,3603314.550708661,236894,9.7,3546580,13.696153846153846,5.090854104186093e-4,0.0017834790863345009,FR,1.5622,43.8436
FR71,12628,1286.5900000000001,NA,NA,69970,9.61304347826087,5009469.314658292,82670,27342,83536,82.41538461538461,105.21,275854.71884938696,11.811538461538461,12.709494137689633,8064146,517394,105.41071428571428,4882121.461535328,320968,9.7,2934530,13.696153846153846,0.0010237909879111811,0.003459138760632558,FR,5.2857,45.2864
FR82,25090,688.32,989.25,85356.59,51482,8.2,3181779.79,37580,20491,60815,82.41538461538461,103.16,170603.5,11.1,162.4,5077582,315357,106.9,3266173,158427,8,802030,13.2,0.0011938753524807675,0.0038851169710306995,FR,5.9746,43.9434
HR04,3410,579.08,1320.16,16483.53,35136,2.6,1962213.7,138360,9642,27981,77.9,435.82,36691.62,3.0999999999999996,85.8,2684363,106492,109.6,1225400,114300,7.5,1103790,13.6,0.0016473181905725864,0.05960073209174765,HR,17.2044,45.6127
FI13,3018,388.16,1113.12,20896.46,14025,8.6,902480.87,46140,NA,NA,82.4,75.49,46441.87,26.1,6.3,1278237,88922,109.8,1091286,68190,8.8,1336730,10.5,2.198340370369501e-4,0.001536491276656833,FI,28.8132,63.336
FI18,455,342.38,1136.41,19558.22,13016,8.2,814235.74,35060,NA,NA,82.4,77.98,44755.99,24.8,36.6,1148794,72389,109.7,951005,55971,7.7,1432590,8.8,6.554699972318796e-4,0.006701810768510281,FI,25.6751,60.8362
FI1A,3018,388.16,1113.12,20896.46,14025,8.6,902480.87,46140,NA,NA,82.4,75.49,46441.87,26.1,6.3,1278237,88922,109.8,1091286,68190,8.8,1336730,10.5,2.0105817622240632e-4,0.002116978306839811,FI,25.3437,66.6044
