geo	2008	2009	2010	2011	2012	2013	2014	2015	2016	2017	2018	2019
AL01							6000.0	6435.0	6206.0	6378	6276	6288
AL02							6708.0	7498.0	7172.0	7455	7362	7454
AL03							7915.0	8455.0	7990.0	8374	8140	8172
ALXX							33	30	20	25	26	23
AT11	3067.0	2962.0	3048.0	3034.0	3302.0	3220.0	3191.0	3299.0	3215.0	3357	3313	3393
AT12	15616.0	15958.0	15796.0	15855.0	16734.0	16480.0	16237.0	17258.0	16961.0	17280	17605	17449
AT13	15702.0	16332.0	16287.0	15918.0	16404.0	16332.0	16014.0	16526.0	16031.0	16424	16887	16150
AT21	5385.0	5546.0	5577.0	5465.0	5731.0	5718.0	5646.0	6028.0	5961.0	6077	6130	6031
AT22	11725.0	12093.0	11852.0	11668.0	11990.0	11760.0	11867.0	12821.0	12311.0	12833	12593	12691
AT31	11966.0	12349.0	12427.0	12339.0	12698.0	13158.0	12625.0	13653.0	12911.0	13579	13584	13642
AT32	3930.0	4174.0	4162.0	4281.0	4221.0	4414.0	4316.0	4517.0	4490.0	4677	4626	4731
AT33	5191.0	5375.0	5449.0	5328.0	5606.0	5643.0	5624.0	6001.0	5860.0	5930	6137	6237
AT34	2501.0	2592.0	2601.0	2591.0	2750.0	2801.0	2732.0	2970.0	2929.0	3113	3100	3062
BE10	9517.0	9434.0	9445.0	9089.0	9697.0	9406.0	9040.0	9340.0	9074.0	9046	8940	8935
BE21	16086.0	16415.0	16397.0	16052.0	17177.0	17049.0	16389.0	17262.0	16884.0	17385	17415	17023
BE22	6597.0	6673.0	6744.0	6840.0	7210.0	7164.0	6914.0	7438.0	7327.0	7501	7737	7777
BE23	13740.0	13752.0	13793.0	13886.0	14454.0	14532.0	13696.0	14660.0	14173.0	14461	14621	14607
BE24	9523.0	9552.0	9685.0	9588.0	10011.0	10178.0	9780.0	10286.0	10185.0	10268	10561	10349
BE25	11814.0	11940.0	11984.0	11863.0	12293.0	12716.0	12082.0	12653.0	12361.0	12927	13072	12671
BE31	3443.0	3243.0	3311.0	3301.0	3487.0	3375.0	3492.0	3673.0	3503.0	3649	3558	3489
BE32	14968.0	14834.0	14730.0	14677.0	15170.0	15252.0	14602.0	15285.0	15096.0	14751	15027	14755
BE33	11469.0	11358.0	11593.0	11579.0	11809.0	11706.0	11274.0	12074.0	11687.0	11819	11868	11412
BE34	2603.0	2550.0	2617.0	2583.0	2660.0	2706.0	2520.0	2677.0	2750.0	2726	2762	2664
BE35	4827.0	4758.0	4853.0	4834.0	5108.0	5250.0	4966.0	5193.0	5057.0	5133	5132	5101
BG31	17042.0	16639.0	16990.0	16352.0	16546.0	15046.0	15897.0	15717.0	15315.0	15495	15123	15107
BG32	14535.0	14002.0	14424.0	14077.0	14203.0	13482.0	14114.0	14037.0	13651.0	14130	14058	13725
BG33	13621.0	13282.0	13655.0	13177.0	13413.0	12961.0	13445.0	13690.0	13295.0	13625	13700	13482
BG34	16145.0	15905.0	16348.0	15738.0	15768.0	15277.0	16020.0	16114.0	15547.0	16073	15910	15831
BG41	28006.0	27849.0	27853.0	28243.0	28607.0	27589.0	28508.0	28933.0	28610.0	28745	28654	28739
BG42	21174.0	20391.0	20895.0	20671.0	20744.0	19990.0	20968.0	21626.0	21162.0	21723	21081	21199
CH01	10688.0	10893.0	10889.0	10753.0	11184.0	11361.0	10935.0	11730.0	11245.0	11850	11859	11721
CH02	14918.0	15334.0	15387.0	15316.0	15743.0	15957.0	15739.0	16545.0	16005.0	16246	16254	16328
CH03	8302.0	8730.0	8719.0	8643.0	8906.0	8990.0	9014.0	9542.0	9181.0	9296	9303	9541
CH04	10163.0	10170.0	10296.0	10280.0	10500.0	10792.0	10521.0	11156.0	10716.0	11076	11062	11305
CH05	9040.0	8995.0	8999.0	8818.0	9286.0	9140.0	9220.0	9362.0	9216.0	9362	9469	9723
CH06	5327.0	5493.0	5388.0	5384.0	5556.0	5664.0	5585.0	5977.0	5613.0	5911	5989	5924
CH07	2795.0	2861.0	2971.0	2897.0	2998.0	3057.0	2924.0	3294.0	2988.0	3230	3152	3238
CY00	5194.0	5182.0	5103.0	5504.0	5665.0	5141.0	5424.0	5859.0	5471.0	5996	5768	6239
CZ01	12269.0	12365.0	12266.0	12092.0	12411.0	12149.0	12118.0	12420.0	12141.0	12199	12417	12178
CZ02	12255.0	12722.0	12440.0	12621.0	12752.0	12924.0	12301.0	13049.0	12695.0	13248	13687	13471
CZ03	12132.0	12326.0	12232.0	12262.0	12507.0	12665.0	12189.0	13240.0	12596.0	12994	12972	13241
CZ04	11832.0	12047.0	12009.0	11921.0	12031.0	12463.0	11997.0	12506.0	12225.0	12578	12829	12613
CZ05	14908.0	15227.0	15124.0	15341.0	15614.0	15733.0	15083.0	15834.0	15300.0	15879	16257	16066
CZ06	16143.0	16675.0	16671.0	16497.0	16932.0	16758.0	16279.0	17284.0	16735.0	17563	17819	17826
CZ07	12435.0	12814.0	12809.0	12730.0	12794.0	13184.0	12581.0	13290.0	12925.0	13422	13290	13205
CZ08	12974.0	13245.0	13293.0	13384.0	13148.0	13284.0	13117.0	13550.0	13133.0	13560	13649	13762
DE11	35379.0	35480.0	36266.0	35616.0	36846.0	37413.0	36413.0	39487.0	38803.0	39888	40508	40521
DE12	25571.0	26443.0	26478.0	26214.0	26573.0	27035.0	26630.0	28528.0	28416.0	28985	29517	29642
DE13	19915.0	20002.0	20211.0	19994.0	20721.0	21304.0	21254.0	22478.0	22219.0	22630	23127	23261
DE14	15566.0	15631.0	15852.0	15908.0	16444.0	16195.0	16366.0	17573.0	17192.0	17617	17982	18158
DE21	37781.0	38180.0	38608.0	38433.0	39288.0	39561.0	38878.0	41827.0	40858.0	42105	42036	42592
DE22	11787.0	12323.0	12067.0	12248.0	12357.0	12537.0	12571.0	13444.0	12925.0	13366	13300	13290
DE23	11134.0	11064.0	11151.0	11041.0	11427.0	11549.0	11278.0	12202.0	11776.0	11945	12442	12093
DE24	12480.0	12553.0	12545.0	12325.0	12775.0	12777.0	12308.0	13350.0	12856.0	13403	13428	13002
DE25	17306.0	17462.0	17695.0	17803.0	17941.0	18185.0	17898.0	19266.0	18659.0	19456	19478	19484
DE26	13078.0	13285.0	13349.0	13383.0	13690.0	14054.0	13484.0	14575.0	13988.0	14648	14818	14347
DE27	17543.0	17627.0	17674.0	17722.0	17970.0	18240.0	17712.0	18872.0	18490.0	18979	19307	19505
DE30	31911.0	31713.0	32234.0	31380.0	32218.0	32792.0	32314.0	34278.0	34051.0	34339	35900	34739
DE40	26807.0	27309.0	27894.0	27851.0	28403.0	29678.0	28990.0	30750.0	30790.0	31778	32684	32027
DE50	7353.0	7655.0	7510.0	7411.0	7487.0	7890.0	7437.0	7811.0	7732.0	7905	8068	7704
DE60	17091.0	17188.0	17060.0	17060.0	17012.0	17258.0	16780.0	17565.0	17267.0	17640	18168	17474
DE71	35316.0	35711.0	35704.0	35838.0	36591.0	37811.0	36360.0	39631.0	37996.0	39364	39794	39710
DE72	10784.0	10752.0	10750.0	10636.0	10998.0	11227.0	10900.0	11859.0	11393.0	12049	11927	11980
DE73	13983.0	14213.0	13750.0	13972.0	14268.0	14855.0	13923.0	15044.0	14692.0	14924	15446	14979
DE80	17818.0	18342.0	18738.0	18572.0	18912.0	19830.0	18918.0	20315.0	20445.0	20736	21948	21702
DE91	18542.0	18477.0	18673.0	18291.0	18585.0	19552.0	18918.0	20050.0	20410.0	20148	20531	19991
DE92	23551.0	23945.0	24010.0	23717.0	24228.0	24808.0	24464.0	25950.0	24820.0	25891	26350	25856
DE93	18208.0	18461.0	18347.0	18512.0	18756.0	19568.0	18779.0	19406.0	19742.0	20216	20766	20573
DE94	24573.0	24790.0	24764.0	24969.0	25471.0	26641.0	25410.0	27054.0	27396.0	27458	28518	27836
DEA1	57755.0	58202.0	58786.0	57341.0	58768.0	60938.0	58212.0	61986.0	60889.0	61762	63617	61920
DEA2	42093.0	42995.0	43019.0	42202.0	43785.0	45268.0	43986.0	46402.0	45797.0	46789	48620	47732
DEA3	26838.0	26880.0	26989.0	26958.0	27117.0	27898.0	27239.0	28536.0	28740.0	29203	29868	29490
DEA4	20860.0	21286.0	21316.0	20933.0	21684.0	22190.0	21425.0	22568.0	22759.0	22907	23626	22964
DEA5	42040.0	41451.0	42027.0	41510.0	42353.0	43771.0	42051.0	44860.0	44066.0	44181	45409	44373
DEB1	16697.0	17359.0	17058.0	17017.0	17492.0	17838.0	17548.0	18100.0	18133.0	18477	18651	18292
DEB2	5444.0	5557.0	5568.0	5543.0	5476.0	5733.0	5643.0	6053.0	5836.0	5975	6177	6026
DEB3	20791.0	20987.0	20839.0	21085.0	21436.0	21961.0	21116.0	22624.0	21895.0	22933	23471	23301
DEC0	12547.0	12588.0	12296.0	12331.0	12290.0	12825.0	12529.0	13427.0	12897.0	13275	13872	13555
DED2	18077.0	18736.0	18923.0	18578.0	19144.0	19552.0	18971.0	20408.0	19820.0	20355	20791	20524
DED4				20720.0	20612.0	21443.0	20576.0	21802.0	21366.0	21720	22427	21933
DED5				11330.0	11559.0	11941.0	11612.0	12257.0	12144.0	12614	13072	12489
DEE0	29905.0	30480.0	30729.0	30183.0	30321.0	31385.0	30830.0	32369.0	31453.0	32795	33485	32299
DEF0	30719.0	31014.0	31201.0	30981.0	31443.0	32729.0	31676.0	33663.0	33879.0	34455	35921	34960
DEG0	26276.0	26774.0	26701.0	26720.0	27141.0	27593.0	26957.0	28830.0	28312.0	29361	29824	29196
DK01	16389.0	16399.0	16329.0	15436.0	15299.0	15265.0	14842.0	15285.0	15320.0	15334	15593	15321
DK02	8972.0	8852.0	8959.0	8732.0	8507.0	8555.0	8394.0	8591.0	8775.0	9002	9198	9056
DK03	11955.0	12390.0	12022.0	11789.0	11716.0	11754.0	11616.0	11698.0	11715.0	11946	12488	12163
DK04	11135.0	11048.0	10995.0	10636.0	10930.0	10921.0	10787.0	11008.0	11021.0	11241	11745	11367
DK05	6140.0	6183.0	6063.0	5923.0	5873.0	5975.0	5701.0	5973.0	5993.0	5738	6208	6051
EE00	16675.0	16081.0	15790.0	15244.0	15450.0	15244.0	15484.0	15243.0	15392.0	15543	15751	15401
EL30	35369.0	35939.0	36201.0	37095.0	38552.0	37517.0	38062.0	40851.0	40223.0	42083	40796	41936
EL41	2323.0	2395.0	2349.0	2263.0	2507.0	2303.0	2357.0	2485.0	2391.0	2457	2372	2388
EL42	2417.0	2505.0	2525.0	2690.0	2669.0	2558.0	2738.0	2797.0	2805.0	2848	2756	2951
EL43	5560.0	5434.0	5573.0	5692.0	5881.0	5579.0	5792.0	6161.0	5962.0	6394	5983	6419
EL51	6502.0	6653.0	6912.0	6772.0	7122.0	7041.0	7016.0	7417.0	7225.0	7848	7384	7613
EL52	18000.0	17959.0	18510.0	18424.0	19938.0	19064.0	19716.0	20873.0	20768.0	21523	21144	21895
EL53	3077.0	3034.0	3104.0	3124.0	3299.0	3196.0	3144.0	3364.0	3216.0	3386	3249	3470
EL54	3791.0	3641.0	3515.0	3761.0	3894.0	3843.0	3707.0	4069.0	3904.0	4076	3977	4155
EL61	8006.0	8129.0	7990.0	8292.0	8598.0	8127.0	8324.0	8516.0	8647.0	8908	8526	8988
EL62	2506.0	2393.0	2243.0	2266.0	2498.0	2379.0	2426.0	2700.0	2566.0	2700	2611	2658
EL63	7320.0	7373.0	7341.0	7386.0	7706.0	7366.0	7311.0	7825.0	7580.0	7853	7565	8005
EL64	6112.0	5859.0	5860.0	6305.0	6594.0	5968.0	6230.0	6577.0	6439.0	6791	6617	6943
EL65	6996.0	7002.0	6961.0	7029.0	7410.0	6853.0	6917.0	7548.0	7059.0	7634	7316	7544
ES11	29629.0	30180.0	29749.0	29879.0	30871.0	30433.0	29929.0	31688.0	31757.0	31962	32419	31268
ES12	12741.0	12759.0	12725.0	12678.0	13151.0	12722.0	12812.0	13550.0	13204.0	13152	13238	12893
ES13	5522.0	5513.0	5466.0	5606.0	5812.0	5603.0	5899.0	6041.0	5936.0	5958	6096	6013
ES21	19433.0	19614.0	19363.0	19832.0	20281.0	19720.0	20166.0	21511.0	21224.0	21634	21763	21566
ES22	5292.0	5147.0	4981.0	5158.0	5376.0	5323.0	5511.0	5680.0	5727.0	5844	5819	5568
ES23	2860.0	2745.0	2855.0	2885.0	3023.0	2871.0	2886.0	3093.0	2967.0	3052	3205	3147
ES24	13398.0	13268.0	13194.0	13553.0	13724.0	13353.0	13742.0	14339.0	13481.0	14208	14100	13620
ES30	41270.0	41268.0	40828.0	41614.0	42799.0	42393.0	43064.0	46859.0	45066.0	47069	46599	47165
ES41	27392.0	27148.0	27097.0	27075.0	28259.0	27507.0	27787.0	29302.0	28436.0	28979	29297	28719
ES42	18167.0	17771.0	17457.0	18053.0	19051.0	18228.0	18379.0	19923.0	19144.0	20208	19574	19467
ES43	10441.0	10748.0	10816.0	10584.0	11347.0	11043.0	10799.0	11519.0	11237.0	11585	11451	11261
ES51	60110.0	60261.0	59700.0	60188.0	62977.0	60807.0	61319.0	64866.0	63289.0	66165	66562	64547
ES52	40059.0	40085.0	40129.0	40788.0	42303.0	40519.0	41550.0	44351.0	42697.0	44804	45330	44016
ES53	7488.0	7794.0	7683.0	7668.0	8068.0	7660.0	7847.0	8322.0	7939.0	8353	8206	7995
ES61	65583.0	64730.0	64471.0	65702.0	68361.0	65690.0	66322.0	72001.0	69231.0	71234	72806	70505
ES62	10399.0	10331.0	9976.0	10197.0	10680.0	10115.0	10397.0	11233.0	10867.0	11522	11327	11568
ES63	497.0	550.0	536.0	515.0	487.0	531.0	509.0	504.0	508.0	560	535	537
ES64	455.0	401.0	407.0	477.0	471.0	461.0	485.0	516.0	486.0	494	516	491
ES70	13462.0	12896.0	12801.0	13565.0	14081.0	13621.0	14331.0	15110.0	15035.0	15254	16310	15756
FI19	13220	13394	13662	13833	13828	13672	14175	14027	14451	14427	14463	14275
FI1B	10587	10983	11412	11193	11461	11314	11549	11835	12070	12042	12225	12367
FI1C	11871	12292	12395	12095	12490	12618	12488	12555	12986	12900	13194	13016
FI1D	13166	12967	13185	13187	13605	13599	13723	13790	14119	14118	14373	14025
FI20	250	247	233	277	323	269	251	285	297	235	272	266
FR10	70340	70502	71258	70873	72529	72113	70506	74539	74621	75562	75571	75788
FRB0	24360	24741	24742	23906	25032	25370	24707	26359	26237	26826	26861	27100
FRC1	17213	17388	17209	17511	17850	17749	17258	18530	18470	18953	18688	18836
FRC2	9930	10199	10139	10301	10542	10454	10440	10951	11029	11242	11404	11354
FRD1	13981	14283	14430	14260	15157	15133	14790	15630	15853	15943	16317	16519
FRD2	15990	16314	16209	16090	16593	16751	16499	17314	17221	17488	17885	18014
FRE1	36157	35988	35983	35616	37027	37085	35415	37356	37044	37502	38180	37191
FRE2	17182	17027	16882	16973	17549	17537	17052	18031	18146	18152	18285	18453
FRF1	13886	14550	14428	14246	14885	15286	14926	15912	15713	16149	16658	16400
FRF2	12607	12632	12437	12326	12908	12975	12545	13473	13351	13641	13571	13485
FRF3	20799	20962	21151	21065	21875	21956	21494	22821	22802	23064	23416	23438
FRG0	29643	29912	30115	29859	31665	31858	31120	33867	33675	34783	34800	35374
FRH0	30547	31006	31261	31089	32790	32687	31889	33821	34489	34739	35533	35286
FRI1	30407	30954	31213	30380	32619	32377	32352	33963	33565	35223	35083	35274
FRI2	9022	9066	8964	8990	9020	9080	8777	9491	9277	9251	9283	9453
FRI3	17824	18356	18226	18343	19168	19576	18434	19826	19946	20456	20690	20799
FRJ1	24847	25506	25845	25666	26940	26576	26610	28231	28608	29013	29748	29422
FRJ2	26270	26318	26830	26296	27825	27675	27388	28913	28911	30127	29883	30284
FRK1	14546	14712	14766	14365	15228	14887	14467	15465	15393	15826	15462	15726
FRK2	46483	47219	47344	46640	49525	49205	48511	51971	51717	53195	53085	54244
FRL0	45448	45777	45927	45274	47638	47042	46802	49896	49731	51072	50759	51482
FRM0	2804	2863	2966	2971	2921	3038	3047	3106	3092	3165	3139	3216
FRXX					1915	1943	1905	2230	2152	2176	2121	2189
FRY1					3011	3085	3451	3052	3383	3273	3365	3641
FRY2	2793	2771	2843	2741	2818	2902	3319	3058	3284	3217	3292	3559
FRY3	762	699	773	714	789	767	786	834	901	964	899	1020
FRY4	4115	4109	4221	4002	4167	4258	4355	4531	4689	4673	5011	5064
FRY5							590	636	705	735	758	777
HR03	15768.0	15889.0	15860.0	15621.0	16186.0	15592.0	15938.0	17277.0	16647.0	17578	16868	16658
HR04	36383.0	36525.0	36236.0	35398.0	35524.0	34794.0	34901.0	36928.0	34895.0	35899	35838	35136
HU11	21884	21995	21961	21934	21741	21382	20836	21898	21231	21731	21652	21206
HU12	13486	13581	13646	13648	14078	13833	13598	14675	14074	14952	14892	14740
HU21	13722	14079	13776	13724	13659	13584	13488	14475	13864	14544	14461	14342
HU22	12643	12834	12997	12825	12969	12732	12651	12676	12489	12974	12891	12581
HU23	12821	13020	13188	12667	12822	12665	12493	13096	12499	13056	12882	12841
HU31	17232	17372	17471	17072	16974	16628	16802	17017	16618	17143	17129	16983
HU32	19314	18820	18711	18189	18424	18102	18402	19146	18590	18860	19326	19208
HU33	18256	18110	18124	18160	18222	17621	17857	18426	17580	18473	17847	17932
HUXX	669	603	582	576	551	130	167	166	153	144	167	59
IE04						5906	5868	5960	6057	5957	6108	6166
IE05						10919	10765	10973	11583	11066	11438	11272
IE06						12679	12619	13194	13027	13395	13594	13521
IS00	1987.0	2002.0	2020.0	1986.0	1955.0	2154.0	2049.0	2178.0	2309.0	2238	2254	2275
ITC1	49310.0	49767.0	48785.0	49061.0	50507.0	50077.0	49412.0	54076.0	50984.0	53541	53838	53137
ITC2	1255.0	1272.0	1283.0	1288.0	1283.0	1287.0	1289.0	1505.0	1385.0	1454	1477	1392
ITC3	21671.0	21829.0	21474.0	21488.0	21736.0	21681.0	20655.0	22468.0	20853.0	22134	22238	21354
ITC4	89755.0	89567.0	90165.0	89068.0	93757.0	91264.0	90461.0	99470.0	94301.0	99335	99542	99983
ITF1	13720.0	14597.0	14232.0	14227.0	14522.0	14415.0	14382.0	15365.0	14546.0	15484	14680	14612
ITF2	3555.0	3474.0	3469.0	3632.0	3627.0	3561.0	3561.0	3884.0	3579.0	3855	3703	3663
ITF3	49561.0	50234.0	50467.0	51783.0	52309.0	52234.0	51877.0	56796.0	53044.0	56294	53740	53860
ITF4	34180.0	35442.0	34785.0	35855.0	36547.0	35933.0	36879.0	39525.0	37546.0	40351	38830	39140
ITF5	5585.0	5671.0	5656.0	5826.0	6001.0	5962.0	5964.0	6414.0	6203.0	6495	6251	6508
ITF6	18383.0	18806.0	18143.0	18640.0	19294.0	18766.0	19276.0	20311.0	19267.0	20803	19756	20162
ITG1	47762.0	49529.0	47975.0	50019.0	51243.0	49641.0	49665.0	53117.0	49989.0	54358	51983	52405
ITG2	14474.0	14996.0	14533.0	15085.0	15626.0	15216.0	15445.0	16528.0	16143.0	16773	16277	17003
ITH1	3863.0	3799.0	3873.0	3898.0	4178.0	4050.0	4121.0	4357.0	4249.0	4395	4397	4454
ITH2	4675.0	4622.0	4751.0	4590.0	4666.0	4842.0	4753.0	5051.0	4959.0	5062	5014	5074
ITH3	44778.0	44382.0	44944.0	45228.0	47040.0	46337.0	45955.0	49561.0	47856.0	49447	49136	48900
ITH4	14370.0	14206.0	14083.0	14066.0	14426.0	14222.0	13764.0	14807.0	14091.0	14506	14476	14318
ITH5	47878.0	48015.0	47422.0	47653.0	49217.0	47763.0	47728.0	51581.0	49377.0	51064	49811	50274
ITI1	42222.0	42110.0	41521.0	41693.0	43456.0	42185.0	41507.0	45350.0	42477.0	44521	43442	43677
ITI2	10202.0	9849.0	9949.0	9937.0	10418.0	10124.0	9907.0	10811.0	10252.0	10789	10078	10263
ITI3	16224.0	16154.0	16222.0	16412.0	17116.0	16870.0	16826.0	18206.0	17322.0	18449	17175	17442
ITI4	51703.0	53342.0	53756.0	53978.0	55914.0	54314.0	54937.0	58388.0	56838.0	59951	57289	56796
LI00	205.0	229.0	238.0	248.0	224.0	246.0	268.0	252.0	271.0	249	274	263
LT01	10657	10063	10021	9725	9817	10045	9906	10059	9932	9547	9633	9404
LT02	33175	31969	32099	31312	31121	31466	30346	31717	31174	30595	29941	28877
LU00	3595.0	3655.0	3760.0	3819.0	3876.0	3822.0	3841.0	3983.0	3967.0	4263	4318	4283
LV00	31006.0	29897.0	30040.0	28540.0	29025.0	28691.0	28466.0	28478.0	28580.0	28757	28820	27719
ME00	5708.0	5862.0	5633.0	5847.0	5922.0	5917.0	6014.0	6329.0	6464.0	6523	6504	6595
MK00	18982.0	19060.0	19113.0	19465.0	20134.0	19208.0	19718.0	20461.0	20417.0	20318	19727	20446
MKXX									0	0	0	0
MT00	3243.0	3221.0	3010.0	3267.0	3418.0	3236.0	3270.0	3442.0	3342.0	3571	3688	3688
NL11	5278.0	5231.0	5331.0	5249.0	5460.0	5387	5325	5481	5583	5664	5650	5500
NL12	5574.0	5624.0	5588.0	5606.0	5882.0	5937	5783	6059	6286	6264	6426	6256
NL13	4513.0	4524.0	4616.0	4667.0	4840.0	4789	4617	4975	5084	5202	5340	5143
NL21	9110.0	9251.0	9269.0	9235.0	9421.0	9753	9623	9985	10134	10254	10510	10478
NL22	16352.0	16400.0	16730.0	16575.0	17335.0	17326	17026	17890	18124	18617	19017	19079
NL23	1969.0	2025.0	2116.0	2172.0	2213.0	2247	2136	2260	2377	2282	2486	2469
NL31	8643.0	8586.0	8768.0	8838.0	8933.0	9101	9087	9484	9609	9701	9869	9823
NL32	21299.0	20848.0	20974.0	21101.0	22118.0	22026	21617	23032	23276	22866	23424	23086
NL33	28719.0	28495.0	28723.0	28411.0	29411.0	29248	28731	30286	30744	30873	31532	31224
NL34	3655.0	3501.0	3750.0	3670.0	3753.0	3827	3532	3930	3885	3944	4043	3934
NL41	19446.0	19284.0	19503.0	19775.0	20456.0	20545	20823	21938	22356	22702	23150	22886
NL42	10578.0	10466.0	10690.0	10442.0	10991.0	11059	10923	11814	11539	11845	11916	12007
NO01	8254.0	8108.0	8064.0	8077.0	8314.0	7923.0	7770.0	9156.0	7906.0	7930	7966	7845
NO02	4218.0	4301.0	4216.0	4075.0	4263.0	4175.0	4097.0	3927.0	4073.0	4035	4095	3982
NO03	8910.0	8889.0	8738.0	8660.0	8871.0	8781.0	8693.0	8382.0	8627.0	8686	8586	8632
NO04	5347.0	5340.0	5480.0	5505.0	5530.0	5402.0	5179.0	5035.0	5357.0	5385	5540	5395
NO05	7092.0	7034.0	7039.0	7129.0	7153.0	7069.0	6954.0	6834.0	7080.0	6883	6967	6957
NO06	3582.0	3549.0	3704.0	3648.0	3557.0	3501.0	3522.0	3366.0	3499.0	3603	3499	3568
NO07	4309.0	4228.0	4258.0	4299.0	4304.0	4280.0	4154.0	3976.0	4184.0	4252	4187	4305
PL21	29727.0	29840.0	29633.0	29727.0	30588.0	30277	29611	31384	30716	31852	32467	32981
PL22	48016.0	48573.0	47719.0	47709.0	49028.0	49156	47831	50421	48958	51404	52159	51766
PL41	31146.0	31668.0	31037.0	30755.0	31536.0	32292	31057	33169	32327	33261	35121	34253
PL42	16321.0	16371.0	16529.0	16149.0	16496.0	16986	16279	17266	17047	17788	18557	18470
PL43	9572.0	9780.0	9488.0	9648.0	9607.0	10046	9553	10156	9955	10285	10981	11070
PL51	30465.0	30872.0	29721.0	29396.0	30446.0	30498	29910	31540	30566	32038	32991	32719
PL52	9809.0	9718.0	9882.0	9719.0	10180.0	10267	9808	10468	10006	10880	10707	10694
PL61	20027.0	20389.0	20453.0	19663.0	20436.0	20485	20028	20523	20525	21252	22629	22096
PL62	12811.0	13187.0	12942.0	12940.0	13415.0	13923	13098	13858	14078	14423	14973	14894
PL63	19574.0	19656.0	19319.0	19332.0	20473.0	20084	20126	21035	21145	21650	22395	22450
PL71						31251	29727	31125	30213	31172	31589	30609
PL72						14193	13627	14409	13948	14330	14619	14494
PL81						22849	22107	22816	22284	23427	23682	23015
PL82						18593	18361	19419	19103	19327	19636	20029
PL84						12152	11850	12302	12271	12526	12969	12501
PL91						29146	28686	29707	29711	31180	32148	31448
PL92						25114	24808	25323	25156	26057	26577	26220
PT11	31422.0	31729.0	32312.0	31578.0	33127.0	32982.0	32326.0	33545.0	34043.0	34285	35240	34947
PT15	4767.0	4686.0	4508.0	4619.0	4834.0	4782.0	4697.0	4818.0	5227.0	5300	5309	5117
PT16	27072.0	26725.0	27080.0	26356.0	28108.0	27419.0	26622.0	27474.0	28061.0	28049	28473	28066
PT17	25547.0	25796.0	26436.0	25308.0	26315.0	26349.0	26193.0	27309.0	27577.0	27246	28540	28271
PT18	10593.0	10399.0	10501.0	10107.0	10437.0	10142.0	9956.0	10475.0	10642.0	10118	10464	10442
PT20	2274.0	2433.0	2466.0	2375.0	2204.0	2444.0	2315.0	2306.0	2408.0	2246	2295	2271
PT30	2595.0	2642.0	2636.0	2481.0	2583.0	2436.0	2734.0	2612.0	2615.0	2514	2730	2679
RO11	31377.0	32124.0	31903.0	31013.0	31590.0	30622.0	31163.0	32627	31410	32347	32486	31541
RO12	28049.0	28329.0	28266.0	27465.0	27677.0	27018.0	27907.0	29056	28503	28727	29290	29012
RO21	40843.0	42066.0	43351.0	40996.0	42456.0	41275.0	42518.0	44034	43375	44062	45627	43914
RO22	32805.0	33215.0	34042.0	33042.0	33641.0	32692.0	33893.0	34226	34561	35156	35649	35414
RO31	42917.0	43620.0	43588.0	42711.0	43246.0	41710.0	42825.0	43638	43705	43894	43675	43444
RO32	24534.0	24596.0	24846.0	24722.0	25578.0	24233.0	24842.0	25765	25852	26044	26502	25935
RO41	29315.0	29355.0	29663.0	28272.0	28339.0	27199.0	28517.0	28677	27367	27724	27185	27196
RO42	23362.0	23908.0	24064.0	23218.0	23012.0	22726.0	23300.0	24419	23631	24367	23497	23433
RS11									20803	21768	21484	21604
RS12									27234	27634	27239	27141
RS21									28288	29362	28464	28491
RS22									24509	24958	24468	24222
SE11	15540.0	15147.0	15637.0	15571.0	15530.0	15215.0	15630.0	15830.0	15913.0	15835	16186	15368
SE12	15680.0	15639.0	15131.0	15351.0	15620.0	15463.0	14971.0	15380.0	15667.0	15759	15953	15278
SE21	8699.0	8534.0	8653.0	8641.0	8800.0	8595.0	8301.0	8641.0	8440.0	8809	8693	8138
SE22	13656.0	13310.0	13552.0	13321.0	14059.0	13800.0	13414.0	13483.0	13712.0	13835	13949	13392
SE23	18105.0	17630.0	18038.0	17744.0	18105.0	17877.0	17560.0	17779.0	18021.0	18368	18237	17814
SE31	9869.0	9946.0	9662.0	9399.0	9853.0	9548.0	9303.0	9792.0	9502.0	9489	9333	9145
SE32	4449.0	4599.0	4514.0	4492.0	4408.0	4417.0	4403.0	4516.0	4304.0	4412	4249	4169
SE33	5451.0	5275.0	5300.0	5419.0	5563.0	5487.0	5394.0	5486.0	5423.0	5465	5585	5462
SI03	10635.0	10811.0	10762.0	10931.0	11075.0	11141.0	10870.0	11485.0	11395.0	11722	11760	11712
SI04	7673.0	7939.0	7847.0	7768.0	8182.0	8193.0	8016.0	8349.0	8294.0	8787	8725	8876
SK01	5792.0	5743.0	5957.0	5718.0	5747.0	5907.0	5730.0	5944.0	5930.0	6158	6284	6062
SK02	19410.0	19412.0	19281.0	18837.0	18901.0	18717.0	18759.0	19447.0	19160.0	19684	19811	18992
SK03	13819.0	13637.0	13791.0	13229.0	13477.0	13367.0	13017.0	13765.0	13400.0	13713	13768	13759
SK04	14143.0	14121.0	14416.0	14119.0	14312.0	14098.0	13840.0	14670.0	13861.0	14359	14430	14421
TR10		53682.0	52775.0	53109.0	54558.0	54690.0	57908.0	60089.0	62464.0	63273	62503	63371
TR21		9956.0	10136.0	10167.0	10440.0	10218.0	11052.0	11551.0	11512.0	11951	12240	12145
TR22		12708.0	12865.0	12994.0	13026.0	12993.0	13793.0	14578.0	14887.0	15261	15195	15428
TR31		21902.0	21699.0	22961.0	23245.0	22124.0	23430.0	24627.0	26196.0	26500	26458	27567
TR32		15605.0	15854.0	16618.0	16759.0	16147.0	16909.0	18652.0	19413.0	19816	19717	20858
TR33		19480.0	19074.0	20015.0	20154.0	19347.0	20725.0	21547.0	22039.0	22108	22421	22581
TR41		20535.0	20620.0	20949.0	20847.0	21061.0	21866.0	22881.0	23550.0	23826	24022	24139
TR42		16773.0	16880.0	17116.0	17305.0	17199.0	18095.0	19110.0	20042.0	20384	20803	21106
TR51		21296.0	20639.0	21147.0	21687.0	21829.0	22393.0	23611.0	24931.0	25589	26098	26405
TR52		11634.0	11612.0	11929.0	11641.0	11367.0	12163.0	12221.0	12828.0	13284	13250	13382
TR61		11944.0	12516.0	12863.0	13270.0	13323.0	13845.0	14429.0	15354.0	15688	16188	16651
TR62		16617.0	16828.0	17111.0	17145.0	17646.0	18012.0	19173.0	20222.0	19979	19898	20780
TR63		12531.0	12433.0	12876.0	12846.0	12900.0	13503.0	13892.0	14643.0	14804	14650	15339
TR71		8534.0	8508.0	8799.0	8332.0	8349.0	8876.0	8886.0	9274.0	9552	9399	9811
TR72		12955.0	12764.0	13037.0	12671.0	12851.0	13483.0	14224.0	14618.0	14437	14482	14375
TR81		6827.0	6621.0	6840.0	6931.0	6692.0	6985.0	7156.0	7412.0	7496	7804	7633
TR82		6841.0	6638.0	6926.0	6874.0	6612.0	7166.0	7360.0	7308.0	7405	7522	7555
TR83		17557.0	17252.0	17853.0	17617.0	17671.0	18588.0	18828.0	19607.0	19817	19656	20155
TR90		16120.0	15553.0	16241.0	16460.0	15977.0	17267.0	17664.0	18318.0	19163	18603	19339
TRA1		5952.0	5657.0	6130.0	5801.0	5758.0	5798.0	6049.0	6109.0	6090	6060	6103
TRA2		5033.0	5222.0	5669.0	5123.0	4824.0	4896.0	4886.0	4843.0	4764	4798	4644
TRB1		8390.0	8406.0	8517.0	8338.0	8408.0	8598.0	8791.0	9253.0	9264	8909	9295
TRB2		7817.0	7530.0	7841.0	6683.0	6826.0	6673.0	6744.0	6725.0	6711	6511	6551
TRC1		9798.0	9565.0	9557.0	9586.0	10037.0	10305.0	10497.0	11404.0	10848	11060	11774
TRC2		10888.0	11298.0	11450.0	11171.0	10957.0	11085.0	11083.0	11882.0	11206	11071	12031
TRC3		6596.0	6762.0	6652.0	6345.0	6288.0	6707.0	6689.0	7301.0	6565	6788	6923
UKC1	12151.0	11740.0	11323.0	11535.0	11745.0	11953.0	12100.0	12674.0	12675.0	12740	12910	
UKC2	15235.0	14271.0	14502.0	14176.0	14583.0	14512.0	14788.0	15401.0	15161.0	15294	15521	
UKD1	5508.0	5326.0	5431.0	5464.0	5399.0	5452.0	5327.0	5580.0	5635.0	5701	5598	
UKD3	24974.0	24025.0	23776.0	23137.0	23725.0	23829.0	23820.0	24844.0	24438.0	24863	24527	
UKD4	15483.0	15001.0	14623.0	14683.0	14950.0	15157.0	15020.0	15510.0	15544.0	15842	16109	
UKD6	8762.0	8299.0	8489.0	8322.0	8831.0	8806.0	8698.0	9199.0	9397.0	9285	9518	
UKD7	16013.0	15286.0	15419.0	14766.0	15357.0	15801.0	15453.0	16166.0	16301.0	15966	16526	
UKE1	9396.0	9194.0	8952.0	9131.0	9447.0	9531.0	9291.0	9890.0	9845.0	10174	9958	
UKE2	7837.0	7610.0	7771.0	7843.0	8005.0	8021.0	7850.0	8170.0	8248.0	8371	8555	
UKE3	13102.0	12672.0	12595.0	12374.0	12678.0	12969.0	12684.0	13227.0	13177.0	13359	13668	
UKE4	20204.0	19149.0	19408.0	19179.0	19441.0	19821.0	19443.0	20403.0	20243.0	20503	20897	
UKF1	20318.0	19529.0	19432.0	19000.0	19615.0	19960.0	20056.0	21507.0	20757.0	21334	21595	
UKF2	14307.0	13883.0	14200.0	13867.0	14313.0	14616.0	14427.0	15291.0	15192.0	15507	15891	
UKF3	7671.0	7468.0	7338.0	7512.0	7650.0	7701.0	7456.0	8218.0	8078.0	8521	8750	
UKG1	12520.0	12199.0	12230.0	12028.0	12571.0	12791.0	12659.0	13419.0	13404.0	13782	14167	
UKG2	15254.0	14746.0	14721.0	14209.0	14952.0	15540.0	14932.0	16122.0	15959.0	16346	16812	
UKG3	24544.0	23149.0	23428.0	22873.0	23377.0	23929.0	24113.0	25022.0	24451.0	25099	25324	
UKH1	22626.0	22180.0	22235.0	21725.0	22519.0	23330.0	22909.0	24303.0	24337.0	24917	25535	
UKH2	13912.0	13424.0	13575.0	13108.0	13947.0	13702.0	13807.0	14648.0	14345.0	14878	15256	
UKH3	16151.0	15462.0	15966.0	15728.0	16117.0	16237.0	16520.0	17456.0	17452.0	17967	17897	
UKI3						5387.0	5244.0	5711.0	5438.0	5704	5512	
UKI4						9630.0	9818.0	10470.0	9842.0	10194	10312	
UKI5						12154.0	12079.0	12942.0	12372.0	12476	12512	
UKI6						8598.0	8793.0	8944.0	8879.0	8847	9322	
UKI7						11811.0	11649.0	12476.0	12076.0	12191	12738	
UKJ1	16427.0	16129.0	16355.0	16207.0	16993.0	17123.0	17037.0	17554.0	17598.0	17954	18013	
UKJ2	26855.0	25916.0	26546.0	26027.0	26704.0	26955.0	26569.0	28436.0	27850.0	28334	28139	
UKJ3	16953.0	16222.0	16586.0	16454.0	17157.0	17640.0	17124.0	17935.0	18093.0	18496	18634	
UKJ4	15682.0	15709.0	15670.0	15447.0	15725.0	16060.0	16241.0	17124.0	16888.0	17131	17836	
UKK1	20901.0	20200.0	20418.0	20288.0	20609.0	21702.0	20802.0	22225.0	22505.0	22487	22582	
UKK2	14166.0	13667.0	13867.0	13421.0	13860.0	14286.0	13896.0	15147.0	15012.0	15030	15187	
UKK3	5930.0	5939.0	5717.0	5663.0	5889.0	6070.0	5889.0	6210.0	6306.0	6365	6571	
UKK4	12405.0	12295.0	12147.0	12010.0	12722.0	12478.0	12381.0	13085.0	13293.0	13225	13487	
UKL1	21578.0	20851.0	20904.0	20512.0	21075.0	21446.0	20989.0	22104.0	21990.0	22162	22888	
UKL2	10488.0	10155.0	10293.0	9914.0	10427.0	10692.0	10450.0	11094.0	11076.0	11085	11518	
UKM5	4359.0	4213.0	4254.0	4136.0	4290.0	4323.0	4442.0	4617.0	4465.0	4583	4614	
UKM6	4902.0	4728.0	5021.0	5059.0	4902.0	4849.0	4869.0	5382.0	5040.0	5264	5433	
UKM7										19952	20044	
UKM8										16647	16505	
UKM9										11208	11597	
UKN0	14907.0	14413.0	14457.0	14204.0	14756.0	14900.0	14621.0	15478.0	15359.0	15964	15855	